IMDbId,keywords
tt0038969,based-on-book|rabbit|boy|tar|laughing|briar-patch|plantation|bear|fox|live-action-and-animation|19th-century|sharecropper|georgia|1870s|magical-negro-stereotype|family-relationships|controversy|anthropomorphism|anthropomorphic-animal|fight-cloud|cartoon-reality-crossover|reconstruction-era|girl|teasing|stubborn-old-woman|skipping|sickness|sick-child|running-away-from-home|rolling-up-sleeve|return-of-father|red-nose|rabbit-trap|puppy|pipe-smoking|old-man|narrow-escape|mud-puddle|mother-son-relationship|mother-daughter-relationship|manners|log|lace-collar|interracial-friendship|husband-wife-relationship|hat|grandmother|fishing|feeling-unwanted|father-son-relationship|ethnic-stereotype|curtsy|corncob-pipe|cartoon-turtle|cartoon-rabbit|cartoon-possum|cartoon-insect|cartoon-frog|cartoon-fox|cartoon-butterfly|cartoon-bird|cartoon-bee|cartoon-bear|bull|bull-attack|boat-ride|bluebird|black-woman|black-stereotype|black-man|black-boy|birthday-party|beehive|bee-sting|animal-attack|frog|dog|african-american|racial-stereotype|part-live-action|part-animation|southern-u.s.|fable|folk-tale
tt0036868,readjusting-to-civilian-life|world-war-two-veteran|bombardier|pharmacy|post-war|artificial-hand|prosthetic-hand|world-war-two|wedding-ceremony|father-of-the-bride|war-hero|abandoned-airplane|military-citation|fired-from-the-job|employer-employee-relationship|drugstore-cowboy|loan-and-trust-company|military-officer|b-17-bomber|soda-fountain|u.s.-soldier|airplane-graveyard|returning-home|u.s.-sailor|husband-wife-relationship|family-relationships|homecoming|americana|airport-terminal|domestic-argument|american-in-japan|economic-decline|apartment-complex|on-the-town|epic|family-drama|domestic-drama|psychological-drama|ensemble-film|domestic|based-on-novella|joblessness|recurring-dream|reference-to-detroit-michigan|reference-to-cleveland-ohio|war-effort|marriage-proposal|wedding-ring|wedding-present|bride-and-groom|asking-for-a-job|heroism|distinguished-flying-cross|job-seeking|unemployment-office|unemployment-insurance|american-football-player|basketball-player|american-flag|broken-heart|ice-cream-sundae|piano-lesson|love-triangle|humiliation|double-date|italian-restaurant|reference-to-uncle-sam|self-reliance|boy-next-door|girl-next-door|lunch-counter|marital-problem|red-cross|hospital-worker|brother-sister-relationship|plane-crash|talking-in-sleep|reference-to-douglas-macarthur|reference-to-stars-and-stripes-newspaper|atomic-energy|samurai-sword|war-souvenir|boyfriend-girlfriend-relationship|uncle-nephew-relationship|baseball-stadium|football-field|rehabilitation|hook-for-hand|u.s.-navy|u.s.-army|u.s.-air-force|unfaithful-wife|mother-son-relationship|mother-daughter-relationship|father-son-relationship|father-daughter-relationship|three-on-a-match|wounded-soldier|extramarital-affair|nightmare|class-differences|infidelity|target-practice|disability|stepmother-stepson-relationship
tt0038499,brother-brother-conflict-over-a-woman|half-breed|infidelity|extramarital-affair|brother-shoots-brother|cousin-cousin-relationship|old-man-in-a-wheelchair|horse-breaking|woman-horse-relationship|man-horse-relationship|rider-horse-relationship|death-of-boyfriend|death-of-brother|death-of-lover|brother-against-brother|mother-son-relationship|family-relationships|tragic-love|land-rights|interracial-romance|father-daughter-relationship|cross-cultural-relations|cattleman|lust|father-son-estrangement|adultery|murder|brother-brother-relationship|love-triangle|dysfunctional-family|father-son-relationship
tt0038787,spy|wine|german|wine-cellar|nazi|government-agent|key|treason|key-ring|undercover|marriage|scientist|bottle|uranium|uranium-ore|rotating-camera-shot|sideways-camera-shot|sentenced-to-prison|suicide-capsule|poisoned|broken-bottle|1940-bottle-of-wine|1934-bottle-of-wine|man-kissing-a-woman's-hand|flying-on-an-airplane|douglas-dc-3|voice-recording|drunk-driver|passed-out-drunk|year-1946|political-thriller|cynicism|tension|double-life|macguffin|stolen-key|park-bench|one-word-title|rescue|motorcycle-cop|horse-riding|espionage|cocktail-party|binoculars|airplane|champagne|trial|murder|mother-son-relationship|butler|drunk-driving|betrayal|infiltration|kiss|rio-de-janeiro-brazil|poison|death-of-father|alfred-hitchcock-figure-character|national-film-registry|party|mansion|suicide|american|long-kiss|telephone-disconnected|horse-race|man-wearing-a-tuxedo|reference-to-mata-hari|audio-recording|mob-of-reporters|hangover-remedy|passionate-kiss|formal-party|woman-fainting|locked-room|marriage-proposal|reference-to-ig-farben|drunken-woman|damsel-in-distress|horse|paranoia|assassination-plot|arranged-marriage|secret-agent|neo-nazi|fatal-attraction|husband-wife-relationship|long-take|mistrust-of-husband|fear-of-husband|contemporary-setting|poisoned-cup|attempted-poisoning|secret-from-lover|restaurant|racetrack|loss-of-father|hotel|hangover|drunkenness|dinner-party|surveillance|regeneration|police|miami-florida|jealousy|loveless-marriage
tt0038854,fatal-attraction|murder-of-husband|older-husband-younger-wife-relationship|drifter|murder|woman|district-attorney|older-man-younger-woman-relationship|death|claim-in-title|unfaithfulness|husband-wife-relationship|crime-of-passion|ambiguous-title|vagabond|marriage|marriage-of-convenience|los-angeles-california|lawyer|insurance-fraud|infidelity|gold-digger|desertion|confession|automobile-accident|alcoholic|remake-of-italian-film|sexuality|crime-gone-awry|gas-station|trial|lust|extramarital-affair|blackmail|femme-fatale|cult-film|law|diner|adultery|courtroom|based-on-novel|pregnancy|moral-reformation|hitchhiking
tt0038650,guardian-angel|christmas|small-town-life|alternate-history|second-chance|angel|bank|building-and-loan|small-town|throwing-a-stone-at-a-window|run-on-bank|financial-problem|deaf-in-one-ear|angel-on-earth|war-hero|drugstore|rescue-from-drowning|falling-through-ice|partial-deafness|christmas-eve|falling-into-swimming-pool|job-offer|declining-a-job-offer|loan-company|saved-from-drowning|contemplating-suicide|needing-money|flower-petal|man-in-a-wheelchair|do-over|bell-ringing|jumping-off-a-bridge|telegram|ethnic-slur|change-history|belief-in-destiny|fund-raising|brother-brother-relationship|husband-wife-relationship|family-relationships|auld-lang-syne|jumping-into-a-pool-with-clothes-on|what-if|concealed-nudity|wish-fulfillment|old-dark-house|christmas-tree|loss-of-son|generosity|dance-contest|lost-money|reference-to-mark-twain|audio-flashback|1930s|1920s|squirrel|christmas-movie|afi|americana|song|singing|singer|more-than-one-song|more-than-one-singer|church-music|traditional-music|patriotic-music|classical-music|friend|business|flashback|heaven|prayer|ambition|time-travel|holiday-film|apostrophe-in-title|dancing-couple|two-brothers|literally-thrown-out|four-word-title|family-man|making-a-wish|depression|advice-from-bartender|happy-ending|african-american-woman|african-american|african-american-servant|christmas-decorations|christmas-carol|snowing|dancing|falling-into-water|sitting|alienation|manhood|lifting-person-in-air|man-on-the-verge-of-tears|lifting-someone-into-the-air|world-war-two|mislaid-trust|bridge-at-remagen|greed|property-seizure|property-rights|property-auction|property-owner|remorse|dedication|revenge|sledding|father-daughter-relationship|mother-daughter-relationship|father-son-relationship|mother-son-relationship|absent-mindedness|grabbed-by-the-lapels|contraction-in-title|butterfly-collection|framed-butterfly|marriage-proposal|punch-into-the-camera|inexperienced-praying|forcibly-removed|suitor|weather|bartender|stroke|hark-the-herald-angels-sing|great-depression|rescue|bridge|renovation|freeze-frame|friendship|job-interview|newlywed|marriage|police-officer|graduation-party|car-accident|bell|librarian|jitterbug|maid|snow|taxi-driver|ex-convict|face-slap|bathrobe|financier|common-cold|rainstorm|developer|drunkenness|bar|rich-snob|board-meeting|sacrifice|swimming-pool|railway-station|cemetery|despair|boarding-house|house-warming|flower|taxi|river|loss-of-father|populism|poison|sick-child|handshake|attempted-suicide|pregnancy|suitcase|new-york|wheelchair|prank|double-take|financial-panic|wipe|wedding-night|frustration|window-smashing|cash-register|death-of-father|based-on-novel|film-blanc|reference-to-tom-sawyer|cult-film|punctuation-in-title|claim-in-title|1910s
tt0039035,based-on-real-people|jukebox-musical|based-on-real-events|stage|producer|lusitania|daughter|singing|singer|title-based-on-song|stage-show|songwriting|songwriter|rebellious-daughter|piano|ocean-liner|music-arranger|mentor|jealousy|england|engagement|composition|collaborator|aspiring-singer
tt0039111,deer|fawn|florida|killing-an-animal|frontier-town|hunting-dog|double-barreled-shotgun|bear-fight|year-1878|river-barge|pet-deer|rural-setting|husband-wife-relationship|family-relationships|reconciliation|loss-of-innocence|innocence-lost|killing-a-pet|animal-lover|snake-bite|runaway-child|riverboat|mother-son-relationship|general-store|fence|father-son-relationship|farm|death-of-pet|coming-of-age|death-of-friend
tt0039041,face-bandage|photograph|melodrama|orphan|death|burning-a-letter-in-a-fireplace|fireplace|drinking|drink|reference-to-new-york-city|tears|crying|taxi|canada|suitcase|railway-station|aunt-nephew-relationship|royal-air-force|baby|pregnancy|audio-flashback|flash-forward|flashback|looking-at-oneself-in-a-mirror|mirror|memory|limping-man|cane|rain|world-war-two|boy|little-girl|long-lost-husband|assumed-identity|mother-son-relationship|father-son-relationship|husband-wife-relationship|orchestral-music-score|reference-to-alfred-lord-tennyson|world-war-one|death-of-father|death-of-mother|title-spoken-by-character
tt0039110,train|writer|novelist|mexican|chicago-illinois|cross-country-trip|train-journey|journey|reference-to-cary-grant|reference-to-lana-turner|gas-station|based-on-novel
tt0038326,castle|friar|horseback-riding|captured-by-enemy|death-by-sword|trial-by-combat|jumping-into-water|jumping-off-a-building|face-slap|woman-slaps-a-man|heroic-outlaw|band-of-outlaws|murder-plot|boy-in-danger|drawbridge|forest|fight-to-the-death|abolition|locked-in-a-cell|proclamation|prince-regent|earl|king-of-england|banishment|boy-king|british-royalty|tyranny|magna-carta|archer|damsel-in-distress|spear|father-son-relationship|siege|two-against-one|dagger|knife|shot-with-an-arrow|sword-throwing|disarming-someone|long-sword|sword-duel|treachery|traitor|swordsman|sword-fight|squire|sherwood-forest|sheriff|royalty|rescue|queen-mother|prisoner|outlaw|nottingham-england|nobleman|liberator|father|duel|deception|captured-outlaw|bow-and-arrow|bandit|men-in-tights
tt0038369,nightclub-owner|hard-boiled|murder-of-wife|pilot|nightclub|on-the-run|unfaithful-wife|drunkenness|bungalow|hotel|murder|u.s.-navy|lighting-a-match-with-a-gun-shot|female-singer|handcuffed-together|pistol-whip|clothing-donation|lighting-a-cigar|discovering-a-dead-body|pay-phone|dining-al-fresco|walking-in-the-rain|cocktail-party|punched-in-the-face|plant-in-title|sharpshooter|death-of-wife|running-from-police|headache|whodunit|memory-lapse|rainy-night|quarrel-between-married-couple|returning-home|title-appears-in-writing|flower-in-title|post-world-war-two|1940s|femme-fatale|war-veteran|jazz-music|color-in-title|shooting|separation|post-traumatic-stress-disorder|police-chief|officer|malibu-california|hotelkeeper|hollywood-california|detective|convulsion|confession|plate-in-the-head|marital-separation|dead-child|attorney|army-buddy|veteran|tough-guy|organized-crime|murder-suspect|miscarriage-of-justice|love-triangle|los-angeles-california|false-accusation|extramarital-affair|crimes-of-passion|cover-up|conspiracy|amateur-detective|california|cult-film|world-war-two-veteran|war-injury|war-hero|unhappy-marriage|strangulation|secret-past|scam|rainstorm|police|police-detective|photograph|party|motel|match|marksman|loss-of-son|kidnapping|jukebox|hotel-detective|gangster|fugitive|flower|convertible|cabin|brawl|blackmail|bar|infidelity|amnesia|title-spoken-by-character
tt0039053,place-name-in-title|number-in-title
tt0038622,manipulative-mother|manipulative-woman|homosexual-subtext|bare-chested-male|jealous-girlfriend|possessive-female|possessive-mother|possessive-girlfriend|male-male-relationship|jealous-mother|concert-violinist|reference-to-tchaikovsky|mentor-protege-relationship|reference-to-philadelphia-pennsylvania|reference-to-ludwig-van-beethoven|rockefeller-center-manhattan-new-york-city|reference-to-leopold-stokowski|infidelity|unfaithfulness|extramarital-affair|reference-to-the-new-york-yankees|musical-recital|theatrical-manager|manhattan-new-york-city|orchestra-conductor|mother-daughter-relationship|father-daughter-relationship|brother-sister-relationship|brother-brother-relationship|father-son-relationship|family-relationships|class-consciousness|beach-house|husband-wife-relationship|loveless-marriage|mother-son-relationship|patron-of-the-arts|ambition|birthday-present|beach
tt0038348,beast|daughter-father-relationship|cult-film|beauty-and-the-beast|magic-spell|based-on-fairy-tale|surrealism|fairy-tale|based-on-novel|maurice-character|the-beast-character|belle-character|castle|rose|forest|magic|gift|love|horse|grief|desire|wanton|pride|poverty|loneliness|low-self-esteem|jealousy|envy|magical-mirror|suitor|disembodied-hand|lost-in-the-forest|lyricism|opposites-attract|marriage-proposal|face-slap|wine|treasure|transformation|teleportation|stable|skylight|sister-sister-relationship|pond|necklace|key|flying|fainting|disfigurement|diamond|deceit|debt|curse|compassion|chess|candelabra|burglary|brother-sister-relationship|17th-century|statue|self-sacrifice|prince|man-beast|love-triangle|father-daughter-relationship|glove|dog|archery|death-of-friend|character-name-in-title
tt0038824,misanthrope|vigilantism|carnival|witch-hunt|kangaroo-court|rooftop-escape|attempted-lynching|lynch-mob|rumor|women's-wrestling|misanthropy|prejudice|ex-lawyer|accomplice|accessory-to-murder|purse|planted-evidence|planting-evidence|zodiac|funeral|murder-confession|confession-of-crime|fairground-ride|amusement-park-ride|scapegoat|bumper-car|fortune-teller|prostitute|1930s|year-1936|jew|paris-france|stalker|undressing|female-ex-con|dead-woman|old-bachelor|bachelor|butcher-shop|butcher|street-fair|fair|amateur-photographer|photographer|developing-a-photograph|incriminating-photograph|photograph|one-word-title|older-man-younger-woman-relationship|rooftop|peeping-tom|neighborhood|murder|murder-investigation|lonely-man|femme-fatale|false-accusation|falling-to-death|evidence|based-on-novel
tt0038355,murder|blackmail|private-detective|private-eye|bookstore|greenhouse|national-film-registry|philip-marlowe|gambling|general|detective|private-investigator|dead-body|corpse|gambling-debt|cab|taxi-cab|female-taxi-driver|reference-to-marcel-proust|three-word-title|title-same-as-book|hard-boiled|orientalist|dame|sexy-librarian|nymphomaniac|drug-addict|orchid|hothouse|sibling-rivalry|roadhouse|reference-to-charlie-chan|national-book-award|missing-body|prank-telephone-call|punched-in-the-face|taxi|bead-curtain|rare-book-store|face-slap|stars-married-in-real-life|tailing-a-suspect|pay-phone|promissory-note|rolling-up-one's-sleeves|brandy|nylon-stockings|scratching-oneself|tied-up|stakeout|pier|forced-suicide|fake-robbery|death-by-poison|traffic|telephone-call|symphonic-music-score|sexual-attraction|scream|rare-book|rain|orchestral-music-score|book|protection|pornography|femme-fatale|betrayal|hidden-character|california|assault|missing-person|sister-sister-relationship|world-war-one-veteran|police|hold-up|gangster|drugging|library|seduction|restaurant|poison|car-in-water|chauffeur|photograph|butler|wheelchair|invalid|beating|diner|los-angeles-california|roulette|gunfire|hidden-camera|cult-film|book-seller|flirtation|father-daughter-relationship|based-on-novel|surprise-ending|plot-twist|gay-subtext|night|beret|flat-tire|thunderstorm
tt0038762,gunfight-at-the-o.k.-corral|arizona-territory|arizona|reference-to-tombstone-arizona|doc-holliday|morgan-earp|virgil-earp|billy-clanton|ike-clanton|stagecoach-driver|driver|vaquero|reference-to-1881|year-1881|national-film-registry|tucson-arizona|tucson|bisbee-arizona|bisbee|fort-huachuca|fort-huachuca-arizona|ok-corral|wyatt-earp|coughing|tombstone-arizona|church-service|pistol-whip|barber-chair|playing-trumpet|poker-chip|shot-of-whisky|cigar-smoking|playing-poker|playing-piano|playing-violin|climbing-in-a-window|bar-shootout|19th-century|cult-film|stagecoach|poker|pendant|dancing|church|actor|1880s
tt0038559,jealousy|national-film-registry|punched-in-the-face|gambler|washroom-attendant|suicide|tungsten|singing-and-playing-guitar|voiceover|guitar-thrown-at-window|top-hat|pointing-gun|stockings|cape|mask|dancing-cheek-to-cheek|note|seaplane|plane-crash|fake-own-death|plane-explosion|apparent-suicide|stabbed-in-the-back|gown|long-gloves|woman-wearing-a-strapless-dress|tuxedo|casino|buenos-aires-argentina|safe-combination|switchblade-inside-a-cane|rain|cigarette-smoking|hotel|lawyer|marriage|nightclub|dancing|dancer|gun|song|singing|singer|montevideo-uruguay|masked-ball|costume-ball|american-abroad|casino-owner|husband-wife-relationship|cynicism|missing-person|nazism|femme-fatale|extramarital-affair|post-world-war-two|old-flame|intrigue|murder|airplane-accident|nazi|infidelity|homosexual-villain
tt0038873,spirituality|pilgrimage|homosexual-subtext|controlling-relationship|controlling-female|india|unemployment|stock-market-crash-1929|self-sacrifice|romantic-rivalry|novelist|nervous-breakdown|murder|invitation|hypnotism|expatriate|drunkenness|coal-miner|chicago-illinois|broken-engagement|automobile-accident|american-abroad|alcoholic|paris-france
tt0038669,small-town|insurance|murder|robbery|flashback|new-jersey|insurance-investigator|gas-station|punched-in-the-face|full-house|playing-poker|female-singer|breaking-a-window|suicide-attempt|life-insurance-beneficiary|payphone|cleaning-a-windshield|checking-oil|shot-multiple-times|bound-and-gagged|cantankerous-customer|lead-actor's-first-film|black-american|lighting-a-cigarette|suspicious-man|poker-game|payroll-robbery|safe|prison-cell|mob-execution|umbrella|funeral-in-the-rain|grave-side-ceremony|grand-piano|playing-piano|broken-hand|femme-fatale|heist|prison|pool-hall|numbers-racket|nightclub|morgue|maid|lunch-wagon|jewel-thief|diner|construction-company|childhood-friend|cell-mate|boxing-ring|boxing-arena|betrayal|beneficiary|attempted-suicide|atlantic-city-new-jersey|astronomy|armed-robbery|alcoholic|african-american|racket|boxing-match|based-on-short-story|detective|double-cross|investigation|boxer|hitman|national-film-registry|willing-to-be-murdered|rye-whiskey|long-take|police-shootout|gunfight|main-character-dies|main-character-shot|violence|shot-in-the-groin|tied-up|billiards|hoodlum|brooch
tt0039082,cowboy|friendly-rival|friendship|frontier-justice
tt0038574,benefactor|orphan|convict|lawyer|escaped-convict|love|marriage|blacksmith|boy|snob|secret|abusive-wife|caning|prison|mansion|insanity|audio-flashback|subjective-camera|accidental-fire|wedding-dress|wedding-cake|voice-over-narration|urban-setting|search|rural-setting|rat|pursuit|fistfight|family-relationships|building-on-fire|cobweb-covered-food|cobweb-covered-cake|escapee|corporal-punishment|child-abuse|beating|victorian-era|star-crossed-lovers|social-consciousness|rags-to-riches|graveyard|foster-family|dowager|19th-century|boat-accident|wheelchair|vengeance|trial|theft|surveillance|suitor|steamship|spinster|spanking|senility|rowboat|roommate|river|recluse|person-on-fire|mistaken-identity|melodrama|loss-of-sister|london-england|kindness|jealousy|inn|inheritance|housekeeper|hat|hanging|gratitude|generosity|funeral|fugitive|friendship|formal-dance|fog|first-love|fire|filth|fight|father-son-relationship|face-slap|execution|england|cow|clerk|class-differences|child-in-peril|cemetery|card-game|burn-victim|brother-sister-relationship|broken-engagement|boxing|birthday|arrest|adopted-daughter|absent-father|1820s|fencing|death-of-friend|based-on-novel|title-spoken-by-character
tt0038733,heaven|post-world-war-two|british-pilot|doctor|surgeon|year-1945|film-starts-with-voice-over|american-woman|pet-dog|english-channel|kiss|playing-flute|playing-harmonica|reference-to-the-french-revolution|reference-to-william-shakespeare|reference-to-sir-walter-scott|reference-to-abraham-lincoln|reference-to-aristotle|reference-to-sir-walter-raleigh|reference-to-boston-massachusetts|playing-chess|nurse|goat|radio-operator|beach|riding-a-bicycle|defense-counsel|amphitheatre|prosecutor|operating-room|statue|french-aristocrat|judge|appeal|surgery|pilot|trial|plane-jump|washing-up-on-a-beach|royal-air-force|plane-on-fire|falling-in-love|lawyer|alternate-world|reference-to-winston-churchill|reference-to-plato|reference-to-jesus-christ|reference-to-adolf-hitler|cheating-death|teardrop|hospital|motorcycle-accident|angel|american-abroad|stairway-to-heaven|neurology|motorcycle-crash|life-after-death|brain-surgery|airplane-crash|operation|jury|court-of-law|brain-damage|mystical-realism|world-war-two|vicar|mysticism
tt0038991,clock-tower|death-by-strangulation|reference-to-frederick-barbarossa|anti-semitism|reference-to-richard-wagner|suspicion|reference-to-adolf-hitler|death-by-poison|strangulation|paper-trail|reference-to-karl-marx|surveillance|secret-identity|war-criminal|murder
tt0038494,sherlock-holmes|doctor-watson|music-box|collector|collection|robbery|murder|auction|actress|femme-fatale|reference-to-william-shakespeare|distraction|fire-extinguisher|gagged|carbon-monoxide-poisoning|suspended-by-arms|handcuffed|trap|ear|extreme-closeup|encoded-message|playing-piano|male-singer|gift-shop|throwing-a-knife|melody|bandage|whistling|playing-violin|carrying-someone|trapped-in-a-closet|disguise|cigarette-lighter|fur-stole|knife-throwing|telephone-call|telephone|lighting-someone's-cigarette|lighting-a-cigarette|cigarette-smoking|smoking|musical-whistling|alcoholic-drink|tea|bald-man|baldness|head-bandage|murder-victim|stabbed-in-the-back|sidekick|pipe-smoking|magazine|violin|driving-a-car|riding-in-a-car|automobile|car|book|smoke-bomb|tune-is-coded-messsage|bound-and-gagged|little-girl|girl|reference-to-james-boswell|auctioneer|prisoner|killing|killer|murderer|kidnapping|tour-guide|toupee|tobacconist|shakespearean-quotation|scot|opening-narration|knife-in-back|guided-tour|doll|currency|cockney|charwoman|burglary|art-gallery|warehouse|toy-store|thief|smoke|singer|scotland-yard|reference-to-samuel-johnson|pub|prison|police|poison-gas|pianist|museum|london-england|knife|housekeeper|handcuffs|gunfire|escape|entertainer|engraving|doctor|counterfeiter|convict|code|chauffeur|detective|private-detective|sequel|death-of-friend|fourteenth-part|silly-ass-englishman|b-movie|film-series
tt0038988,younger-version-of-character|heiress|district-attorney|industrial-town|tutor|probation|blackmail|secret|murder|alcoholic|wealth|kiss|forced-kiss|punched-in-the-face|drawer-closed-on-hand|private-detective's-badge|women's-prison|world-war-two-veteran|lighting-a-cigarette-for-a-woman|woman-undressing|female-in-a-shower|drunken-man|caught-in-the-rain|waiting-at-railroad-crossing|camera-shot-of-a-woman's-legs|fender-bender|freight-train|year-1946|gambler|thunderstorm|hit-on-the-head|falling-down-stairs|killing-a-cat|aunt-niece-relationship|running-away-from-home|face-slap|candle|year-1928|sliding-down-a-railing|living-in-a-boxcar|railyard|tabby-cat|recognition-signal|femme-fatale|gideon-bible|supper-club|hitchhiker|domineering-wife|beating|suicide|childhood-friend|inheritance|mansion|character-name-in-title
tt0143786,car|sedan|roadster|jalopy|flapper|courtship|stanley-steamer|automobile|world-war-two|mother-son-relationship|husband-wife-relationship|flashback|father-son-relationship|woman-driver|truck|police-officer|older-brother|ice-wagon|front-porch|death-of-brother|brother-brother-relationship|ford-model-t|small-town|policeman|marriage-proposal|iceman|family-relationships|autobiographical|john-nesbitt's-passing-parade|narration|death-of-son|title-spoken-by-character
tt0038455,same-actress-playing-twin-role|one-actress-for-twin-sisters|actress-playing-multiple-roles|evil-twin|twins|sister|identical-twins|doctor|murder|detective|alibi|falling-in-love|psychologist|kiss|flash-of-light|lobby|elevator|polygraph|three-word-title|polygraph-test|lie-detector|word-association|rorschach-inkblot|scissors|innocence|sibling|psycho-thriller|murder-investigation|good-versus-evil|dysfunctional|craziness|sister-sister-relationship|personality-change|mirror|look-alike|jealousy|imitation|guilt|defense|ambiguity|based-on-novel
tt0038589,restaurant|train|saloon|mail-order-bride|dancing|dance|dancer|bride-and-groom|kiss|falling-onto-the-ground|stopping-a-train|reference-to-ohio|apology|reference-to-flagstaff-arizona|money|burned-down-building|eating|food|blacksmith|torch|fire|american-indian|native-american|cowboy|love-triangle|waltz|atchison-topeka-and-santa-fe-railway|song|singing|singer|pianist|piano|reference-to-priscilla-mullins|reference-to-john-alden|horse-and-carriage|horse-riding|horse|love-letter|wedding|railway-station|burning-building|steak|gun|saloon-girl|waitress|old-west|based-on-novel
tt0038823,partisan|sicily|street-urchin|prostitute|nurse|italian-neorealism|italy|post-war|apple-liqueur|monk|italian-civil-war|episodic|nazi-retaliation|italian-resistance|italian-partisan|italian-history|south-italy|sicilian|napoli-italy|sicily-invasion|italian-american|world-war-two|ruins|rome-italy|resistance|parachuting|occupation|nazi|movie-divided-in-episodes|massacre|liberation|child-thief|allied-forces|neorealism
tt0039545,murder|private-detective|philip-marlowe|gold-digger|extramarital-affair|adultery|clue|corpse|car-accident|husband-wife-relationship|shower-murder|shot-to-death|reference-to-santa-claus|reference-to-mickey-mouse|reference-to-a-christmas-carol|bullet-hole|police-detective|police-corruption|missing-person|los-angeles-california|impersonation|frame-up|femme-fatale|automobile-chase|investigation|drowning
tt0038965,reference-to-arizona|amnesia|four-word-title|amnesiac-war-veteran|song|mission|waterfront|dock|policeman|gun|piano|sanitarium|reference-to-albert-einstein|nightclub-singer|nightclub|chinese-restaurant|bartender|bathhouse|bank|hotel|hospital|nurse|world-war-two-veteran|los-angeles-california
tt0038453,white-suit|murder|new-york-city|art-gallery|taxi-cab|blackmail|shot-to-death|private-detective|infidelity|frame-up|falling-from-height|car-chase|art-dealer|adultery|reference-to-whistler's-mother
tt0039017,sherlock-holmes|diamond|rhodesia|train|colonel|henchman|passenger|thief|inspector|theft|thirteenth-part|train-movie|title-based-on-the-bible|handcuffs|old-woman|englishman|scotsman|series|bumbler|partner|veil|cargo|precious-stone|shopkeeper|tunnel|uniform|playing-cards|casket|pistol|examination|cigar-smoking|jewelry|air-gun|pomposity|held-at-gunpoint|europe|scottish|conductor|wealth|african|telegram|handgun|africa|motive|guard|clue|sketch|mathematician|diagram|mine|steward|treasure|theory|death|alibi|major|search|constable|jurisdiction|knocked-out|suspect|waiter|fishing|trout|jurisdictional-dispute|switch|pushed-off-train|playing-gin|doodling|poisoned|pipe-smoking|passenger-train|coffin-maker|sidekick|bumbling|friendship|fistfight|struggle|jewel-thief|stealing|murder-investigation|police-inspector|police-officer|policeman|police|mathematics|card-playing|playing-card|mother-son-relationship|menu|impersonating-a-police-officer|dart|doodle|teapot|corpse-with-eyes-open|running-after-a-train|late-for-a-train|train-porter|train-journey|train-conductor|train-station|corpse|dead-man|train-compartment|stolen-jewellery|mistaken-identity|large-jewel|disguise|dining-car|curry|undertaker|tower-bridge-london|tea-kettle|scotland|railroad-station|professor|porter|london-england|investigation|impersonation|gun|gin-rummy|fight|false-accusation|doctor|deck-of-cards|secret-compartment|detective|red-herring|poison-dart|murder|coffin|private-detective|sequel|unknown-killer|medical-detective|eccentric|set-on-train|dart-gun|scotland-yard|jewel-theft|english-scottish-border|poison|bumbling-sidekick|death-of-son
tt0038492,melodrama|land-rights|1840s|farmer|farm|mansion|tenant-farmer|servant|hudson-valley|companion|governess|mother-son-relationship|death|moaning-gown|fistfight|pole-bed|bigotry|german-expressionism|death-in-childbirth|psychotic-episode|mocking|righteous-rage|painting|wedding-gown|french-lace|french-language|place-name-in-title|cult-film|one-word-title|husband-wife-relationship|family-relationships|cousin-cousin-relationship|upper-class|superstition|father-son-relationship|social-life|poisoning|physician|parentage|mental-illness|maturation|marriage|maniac|love-triangle|hudson-river|holland|handicapped-person|faith|dutch-american|class-differences|childbirth|balls|attic|19th-century|thunderstorm|religious-fundamentalist|pessimist|feudalism|arrogance|waltz|tribute|thunder|suicide|riverboat|precocious-child|poison|oleander|murder|marriage-proposal|manor-house|maid|limp|irish-american|independence-day|hotel|harpsichord|gothic-romance|gossiping-servant|gentry|fourth-of-july|festival|father-daughter-relationship|family-curse|estate|elitism|drug-addict|doctor|diagnosis|count|connecticut|catskill-mountains|bible|ball|atheist|aristocrat|narcissism|tempest|secret-room|rival|portrait-painting|ghost|fetish|dance|boat|gothic|based-on-novel|title-spoken-by-character
tt0038303,king|siam|royal-tutor|bangkok|children|widow|thailand|19th-century|palace|forbidden-love|monarchy|schoolteacher|royalty|1860s|based-on-novel|based-on-book|character-name-in-title
tt0038990,reference-to-cleopatra|town|rich-old-man|maine|lawlessness|tavern|horse-and-carriage|river-rapids|native-american|panic|reference-to-sodom-and-gomorrah|childless-couple|barren-woman|parental-abuse|alcoholic|title-written-during-movie|minister|older-man-younger-woman|sermon|reverend|lumber-industry|dead-woman-on-ground|dead-woman-with-eyes-open|death-of-title-character|death-of-main-character|fortune-hunter|jealousy|liar|storm|arranged-marriage|preacher|small-town-life|cowardice|drunkenness|accidental-death|melodrama|tension|running|relative|marriage|lumber|love-triangle|independence|seduction|19th-century|femme-fatale|suicide|patricide|lumberjack|horse-and-buggy|flagellation|father-son-relationship|father-daughter-relationship|drowning|church|canoe|alcoholic-father|1800s|based-on-novel
tt0038975,serial-killer|murder|stepmother-stepson-relationship|psychological-torment|insanity|false-accusation|woman-in-jeopardy|dark-and-stormy-night|old-dark-house|mute-character|proto-giallo|butterfly-collection|investigation|spiral-staircase
tt0038395,
tt0039040,announcement-of-pregnancy|loneliness|adopted-son|cosmetics|small-town|unwed-mother|pilot|woman|train|london-england|job-search|jobless|mother's-love|son-dancing-with-mother|bailout|loveless-marriage|married-couple|promissory-note|childless|threat|marriage-proposal|military-leave|new-york-city|reference-to-broadway-musical|theatre-ticket|fur|wealth|bootlegger|lotion|unrequited-love|photograph|scrapbook|balloon|foundling|baby-found-in-basket|baby-left-on-doorstep|drunken-singing|nightclub|wedding|maternity-revealed|world-war-one|world-war-two|maternity-ward|airplane|nurse|war-bond|pharmacy|drugstore|birth-mother|pregnancy|expectant-mother|dancing-with-mother|baby-born|mother-son-relationship|engagement|dance|baby-book|adoption|single-mother
tt0039037,traitor|letter|ghost|thrown-down-a-well|false-accusation|secret-compartment|safe|romantic-rivalry|robbery|radio|pitchfork|party|new-york|new-york-city|museum|mistaken-identity|military-officer|housekeeper|heaven|hay|haunted-house|gunfire|furniture|fire|engagement|elopement|electricity|eavesdropping|dancing|curse|butler|burial|barn|prankster|invisibility|clock|car-accident|1940s|1780s|abbott-and-costello|well|trunk|tree|tinker|seance|psychiatrist|patriot|murder-by-gunshot|maid|dog|american-revolution
tt0038718,whale|bayou|ballet|disney|wolf|silhouette|opera|malt-shop|date|cat|baseball|speeding-vehicle|nightclub|seal-the-animal|arrogance|new-york-city-new-york|picture-comes-to-life|woman's-hat|wedding|voice-over-narration|visible-scent|vagrant|umpire|toy-gun|toupee|throwing-someone|thought-bubble|telephone|taxi-driver|surrealism|storm|stork|steam-from-collar|square-dancing|spiraling-eyes|spanking|soul-leaves-body|sold-out-sign|smoking|sister-sister-relationship|singing-animal|shower|shotgun|seeing-stars|phosphene-as-cartoon-satellites|seagull|schoolhouse|saxophone|sandwich|sailor|russia|rotoscoping|romantic-reunion|romantic-longing|rifle|reference-to-walter-winchell|reference-to-time-magazine|reference-to-look-magazine|reference-to-life-magazine|reference-to-frank-sinatra|raking-leaves|rainstorm|pulling-hair|professor|powder-puff|popgun|police|police-officer|piano|periscope|parachute|opera-singer|opera-house|night-time|newspaper|nearly-eaten|moonshine|miracle|metropolitan-opera-new-york|match|man's-hat|male-punches-male|makeup|love-letter|love-at-first-sight|lost-in-the-forest|lightning|lighting-match|lifting-someone-into-the-air|just-married-car-decoration|jumping-rope|ice-cream|ice-cream-sundae|hunter|hotfoot|horse|horse-and-carriage|hiccups|heaven|harp|harpoon|halo|gun|gunshot|grandfather-grandson-relationship|full-moon|forbidden-love|football|fire|fire-breathing|fight|fighting-to-answer-telephone|feuding-families|fence|fantasy-sequence|family-feud|ends-in-heaven|ego|duck|drunkenness|drawing-comes-to-life|domestic-violence|doctor|distiller|distillery|devil|death|dancing|crying|conductor|clown|classical-music|clarinet|cherub|character-appears-on-magazine-cover|character-appears-in-newspaper|character's-mouth-fills-the-screen|brass-band|boxing-ring|bouncing-ball|bluegrass-music|binoculars|billy-club|battle|baseball-player|baseball-breaks-open|automobile|anthropomorphism|anthropomorphic-musical-instrument|anthropomorphic-hat|anthropomorphic-clothing|anthropomorphic-animal|adoration|goofy-holler|anthology
tt0038661,blackface|face-paint|florenz-ziegfeld|blockbuster|painted-face|character-name-in-title
tt0038490,mule|producer|farm|agricultural-college|state-in-title|place-name-in-title|shyness|microphone|love-song|woman-scientist|turnip|trained-animal|trailer-home|tempermental-star|swing-music|sound-recordist|song|snob|scientific-experiment|professional-ethics|pigtail|phony-letter|ozark-mountains|noise|movie-director|motion-picture-producer|motion-picture-crew|missouri|misdated-letter|makeup-table|hillbilly|failed-test|ethical-conflict|country-girl|comic-stutterer|assistant-director|animal-trainer
tt0038461,cellist|diary|fall-down-stairs|composer|marriage|music-teacher|telephone-call|promise|kiss|giving-a-toast|husband-wife-relationship|wedding-cake|caviar|champagne|pianist|party|crime-of-passion|crime-wave|guilt|deception|jealousy|musician|mistress|new-york-city|confession|concert|symphonic-music-score|source-music|orchestral-music-score|music-concert|classical-music|reunion|passion|murder|melodrama|lovers-reunited|love-triangle|haunted-by-the-past|cello-concerto|based-on-play
tt0038777,post-world-war-two|hotel|casablanca|nazi|loot|valet|murder|marx-brothers|pearl-necklace|scotch-whiskey|champagne|blackjack|casablanca-spoof|fez|gambling|casino|stolen-art|gold-bar|harp|music-conductor|pianist|sword-fight|dancing|orchestra|farce|sword|intrigue|nightclub|singing|police-chief|chef|camel|fez-hat|luxury-hotel|singer|poisoned|police-officer|code-book|waiter|casablanca-morocco|roulette-wheel|police-investigation|trunk|police-arrest|death|johann-strauss|airplane|closet|jail|rembrandt|escape|german|pilot|jewels|fistfight|man-with-glasses|place-name-in-title|city-name-in-title|city-in-title|playing-piano|harp-music|playing-harp|nightclub-singer|hotel-manager|wig|toupee|hidden-nazi-loot|north-africa|morocco
tt0038776,cole-porter|marriage|composer|blond|world-war-one|manhattan-new-york-city|song|singing|singer|pianist|new-york-city|musician|husband-wife-relationship|broadway-manhattan-new-york-city|yale-university|wheelchair|sheet-music|piano|nurse|neglected-wife|megaphone|falling-off-horse|cigarette-case
tt0038419,czech|plumber|uncle|sink|country-estate|refugee|czech-in-uk|czech-abroad|father-daughter-relationship|intellectual|satire|expectant-father|expectant-mother|pregnant-wife|pregnant-woman-faints|colonel|train|suitor|railway-station|professor|pregnancy|novel|nobility|new-york-city|new-job|mother-son-relationship|london-england|jealousy|housekeeper|houseguest|harmonium|father-son-relationship|farce|engagement|drunkenness|door-bell|convertible|cocktail-party|chemist|butler|birthday-party|1930s|maid|class-differences|based-on-novel|character-name-in-title
tt0038908,eugene-francois-vidocq|husband-wife-relationship|cousin-cousin-relationship|shop-owner|scandal|rogue|regeneration|reformation|police-officer|petty-thief|dress-shop|deception|paris-france|dressmaker|murder|philanderer|blackmail|impersonation
tt0038578,scotland|scholarship|boiler-works|color-in-title|orphan|life-insurance|killed-by-a-train|green-suit|flower-show|based-on-novel|title-spoken-by-character
tt0038984,dual-role|identical-twins|actress-playing-multiple-roles|actor-playing-dual-role|actress-playing-dual-role|same-actor-playing-two-characters|same-actress-playing-two-characters|same-actor-playing-two-characters-simultaneously-on-screen|same-actress-playing-two-characters-simultaneously-on-screen|identity|pretending-to-be-someone-else|lookalike|sister|twin|boat|lighthouse|living-life-of-someone-else|female-protagonist|same-actor-playing-twin-role|wedding|symbolism|starving-artist|sibling-rivalry|sexual-tension|sexual-symbolism|sexual-repression|sexual-awakening|phallic-symbol|painter|martha's-vineyard|lingerie|kept-husband|island|freudian|failed-marriage|department-store|artist|artistic-temperament|artist's-studio|art-exhibition|art-class|antique-shop|adultery|orchestral-music-score|one-actress-for-twin-sisters|tension|orphan|mistaken-identity|love-triangle|deception|cousin-cousin-relationship|assumed-identity|sister-sister-relationship|remake|based-on-novel
tt0038505,duck-hunting|singer|song|swimming|1940s|slang|libel-suit|newspaper-story|newspaper-reporter|lawsuit|love|remake
tt0038279,spy|france|double-agent|nazi|death-of-hero|1940s|torture|evil-man|spy-training|roommate|v-2-rocket|underground|treachery|small-town|secret-mission|parachute|morse-code|mayor|french-resistance|falling-to-death|fake-id|espionage|bail-out|backgammon|address-as-title|world-war-two|title-spoken-by-character|number-in-title
tt0039011,tarzan|leopard|cult|boy|caravan|priestess|claw|fight|africa|tenth-part|bare-chested-boy|cobra|snake|tied-up-while-barefoot|female-villain|falling-rocks|strong-man|lost-tribe|sister|wrestling|friendly-rival|wrestler|shot-to-death|loss-of-sister|hero-kills-a-woman|arab|rite|bare-chested-male|white-jungle-boy|treehouse|snake-charmer|pit|outdoor-shower|gout|flute|cave-in|animal-sidekick|loincloth|children|shooting|rescue|human-sacrifice|murder|sequel|kidnapping|safari|attempted-murder|schoolteacher|child-murder|chimpanzee|jungle|character-name-in-title
tt0038284,homesteader|kansas|abilene-kansas|cowboy|cattle|sheriff|settler|archive-footage|chandelier|reference-to-gettysburg|covered-wagon|barbed-wire|jail-break|knocked-unconscious|line-cabin|wagon-train|sheriff's-office|jail|house-on-fire|cattle-stampede|arson|day-for-night|fan-tan|church-hymn|narrator|year-1870|kick-in-shin|gambler|villain-arrested|shootout-in-a-theatre|bar-shootout|fistfight|small-town|general-store|frontier-justice|dance-hall|dance-hall-singer|cattle-drive|marshal|saloon|based-on-novel
tt0038913,post-world-war-two|older-brother|fortune-teller|black-market|shoeshine-boy|orphan|rome-italy|ostracism|chocolate-bar|food-shortage|starving-child|betrayal-by-friend|watching-a-newsreel|prison-escape|beating-with-a-belt|youth-prison|buying-a-horse|horse-riding|poverty|loss-of-friend|death-of-child
tt0038836,wolf|hunting|duck|cat|bird|based-on-song|lifting-person-in-air|presumed-dead|voice-over-narration|thought-bubble|spiraling-eyes|spanking|silhouette|seeing-stars|phosphene-as-cartoon-satellites|rifle|nearly-eaten|heaven|halo|gun|cartoon-wolf|cartoon-duck|cartoon-bird|lost-in-woods|cartoon-cat|animal-in-title|toy-gun|russia|popgun|hunter|grandfather-grandson-relationship|fence|classical-music|character-name-in-title
tt0038417,espionage|gin-martini|pitchblende|cigar|beer|atomic-physicist|atomic-weaponry-research|atom-bomb|hiding-in-the-back-of-a-truck|undercover-agent|secret-agent|reference-to-benito-mussolini|reference-to-lazarus|reference-to-dante|nuclear-fusion|forged-letter|italian-resistance|self-sacrifice|nuclear-science|behind-enemy-lines|nazi-occupied-italy|nuclear-weapons|world-war-two
tt0038615,newspaper|reporter|train|scam|religion|pool-room|pickpocket|nightclub-singer|jail|diamond-bracelet|dance-marathon|baltimore-maryland|charity|stock-market-crash|actor-shares-first-name-with-character
tt0038427,dog|lassie|dog-movie|frog|animal-on-trial|dog-training|dog-hit-by-a-car|boat|lamb|winter|sheep|measles|diary|fish|farmer|lost-dog|bird|badger|bear|lynx|deer|puppy|duck|rabbit|beaver|squirrel|fox|nature|animal-name-in-title|world-war-two|sheepdog|rancher|post-traumatic-stress|military-life|melodrama|friendship|car-crash|army|amnesia|dog-actor|character-name-in-title
tt0038435,skull-mask|atomic-bomb|criminal|homosexual-subtext|protagonist-becomes-antagonist|hitchcockian|mentor-protege-relationship|alpha-male|terror-ghost-relationship|cult-status|cult-following|cult-movie|cult-classic|cult-favorite|cult-hero|cult-figure|cult-character|cult-film|decoy|murder|warehouse|killer|violence|death|gunfire|deception|ruse|kidnapping|armored-car|television-screen|television-monitor|generator|airplane-pilot|airplane-crash|stethoscope|waste-basket|impostor|manic-laughter|truck-driver|truck-windshield|automobile-dashboard|prism|radio-amplifier|poison-gas|explosion|double-murder|slave-collar|chauffeur|dictograph|phonograph-record|sacrifice|electrocution|atomic-research|criminologist|heavy-water|henchman|thunderbolt|atomic-peril|held-at-gunpoint|stock-footage|california|masked-villain|damsel-in-distress|post-world-war-two|tied-to-a-chair|blindfold|red-herring|mind-control|fistfight|super-villain|blackout
tt0038343,bedlam|asylum|quaker|red-wine|disability|fall-from-height|villain-played-by-lead-actor|fall-to-death|implied-rape|shackles|eating-note|horse|big-belly|historical-event|ridicule|visions-of-hell|violation-of-rights|locked-up|locked-in-a-cage|christian-subtext|printing-shop|gin|face-slap|society-of-friends|stonemason|turban|african-american-child|asphyxiation|woman-in-danger|evil-man|poetry-recitation|rooftop|strong-man|rescue|religious-fanatic|helping-a-poor-woman|dungeon|apothecary|committed-to-asylum|cockatoo|fat-man|stabbed-in-the-back|homicidal-maniac|mad-woman|covered-in-melted-gold|one-word-title|insane-asylum|psychotronic|cult-film|cult-director|b-movie|reform|mental-institution|walled-up-alive|morality|aristocrat|insanity
tt0038338,pianist|turn-of-the-century|murder|last-will-and-testament|severed-hand|rogue-body-part|paranoia|reference-to-bach|visual-hallucination|superstition|scheming-relative|police-commissario|multiple-suspects|inheritance|evil-lawyer|criminally-insane|contested-will|auditory-hallucination|astrology|accidental-death|good-versus-evil|strangulation|disembodied-hand
tt0038675,small-town|piano|piano-teacher|foster-daughter|striped-suit|foster-mother|voice-over-narration|older-woman-younger-man-relationship|girl|boy|waltz|teenager|suicide|suicide-by-gunshot|singing|singer|shot-to-death|shot-in-the-face|revolver|reference-to-jack-the-ripper|reference-to-catherine-the-great|reference-to-ludwig-van-beethoven|pushed-into-water|pocket-knife|pier|piano-playing|one-word-title|newspaper|new-dress|mother-daughter-reunion|mother-daughter-estrangement|mother-and-daughter-in-love-with-the-same-man|mother's-boyfriend|gun|gossip|fancy-dress-ball|falling-into-water|drunken-woman|dress-as-gift|daughter-sleeps-with-mother's-lover|dancing|dance|covering-dead-body|borrowing-money|18-year-old|mother-daughter-relationship|directorial-debut|beauty-salon|based-on-play
tt0038816,horse|song|sister|singing-cowboy|b-western|texan|film-within-a-film|movie-in-movie|filming-a-movie|fistfight|studio-cop|police-officer|stunt-double|song-in-title|state-in-title|western-music|western-band|musician|choir|singing|singer|duplicity|kid-brother|actress-shares-first-and-last-name-with-character|actress-shares-last-name-with-character|actress-shares-first-name-with-character|actor-shares-first-and-last-name-with-character|actor-shares-last-name-with-character|filmmaking|movie-studio|hollywood-california|california|modern-west|b-movie|trucolor|actor-shares-first-name-with-character
tt0038529,espionage
tt0039066,murder|fashion|whirlwind-romance|technology|science|look-alike|female-protagonist|dalmatian|husband-wife-relationship|washington-d.c.|socialite|secret|ranch|psychopath|professor|obsessive-love|jealousy|industrialist|horse|haunted-by-the-past|father-daughter-relationship|false-accusation|double-life|dog|death-by-animal|class-distinction|caretaker|brother-in-law-sister-in-law-relationship|attempted-murder|reflection|obsession|melodrama|marriage|dysfunctional-marriage|deception|businessman|brother-brother-relationship
tt0039101,mink-coat|bartender|nightclub|carnival|arm-sling|falling-down-stairs|police-chase|shot-in-the-arm|framed-for-murder|playing-pool|checking-one's-watch|cutting-in-on-someone-at-a-dance|shooting-gallery|male-singer|throwing-drink-in-face|playing-poker|passenger-train|chicago-illinois|usa|small-town|slang|pool-hall|murder-plot|loafer|gambling|duplicity|drinking|deception|deceit|cigarette-smoking|barber|1940s|train|strangulation|station|station-wagon|square-dance|riding-freight-train|railroad-construction|pool-table|poker|merry-go-round|hospital|gunshot-wound|frame-up|fair|casino|card-playing|barber-shop|bar-fight|attempted-robbery|based-on-novel
tt0038409,chauffeur|wallet|murder|knife|stabbed-in-the-back|nightclub|packing-a-suitcase|newspaper-headline|pay-phone|phone-booth|cigarette-smoking|man-slaps-woman|manicurist|world-war-two-veteran|wine-cellar|speedometer|sea-voyage|sadist|revenge|railroad-crossing|possessiveness|piano|neurosis|navy-doctor|napoleon-brandy|miami-florida|jealousy|havana-cuba|hallucination|dream-sequence|dog-attack|disturbed-war-veteran|breakfast|betrayal|amnesia|pulp-fiction|based-on-novel
tt0038982,california|spy|u.s.-marine|1940s|minister|hammer|enemy-agent|german|swimming|bathing-suit|smart-dog|police-officer|low-budget-film|held-at-gunpoint|damsel-in-distress|b-movie|pacific-ocean|imposter|senator|evil-man|tied-to-a-chair|nazi-agent|bound-and-gagged
tt0038765,widow|gossip|army-major|skiing|domineering-mother|christmas|snowglobe|grandmother-grandson-relationship|brother-brother-relationship|tears|crying|child|paperweight|dressing-gown|mother-son-relationship|boy|lake-tahoe|swing-music|telephone-marketing|cold-cut|supermarket|martini|conga|christmas-carol|scandal|divorce|red-cross|train-station|new-year's-eve-party|hotel|rationing|victory-garden|chicago-illinois|nightclub|mother-daughter-relationship|pullman-porter|death-of-husband|reference-to-joe-dimaggio|reference-to-brooklyn-dodgers|orchestral-music-score|based-on-novel|title-spoken-by-character
tt0039036,readjusting-to-civilian-life|war-widow|hairy-chest|bare-chested-male|post-traumatic-stress-disorder|psychological-trauma|post-world-war-two|parent-grown-child-relationship|loss-of-structure|loss-of-identity|lack-of-understanding|head-injury-victim|double-amputee|disrupted-lives|dashed-hopes|self-pity|homecoming|bar-fight
tt0038687,national-film-registry|u.s.-soldier|trauma|psychiatric-hospital|hospital|depression|ptsd|title-based-on-the-bible|voice-over-narration|u.s.-army|shell-shock|psychotherapy|patient|mental-patient|controversy|banned|world-war-two|woodworking|war-veteran|therapy|therapist|suppressed-memory|stutter|speech-impediment|sleep|rocking-horse|repressed-memory|recovered-memory|psychiatry|psychiatric-treatment|ping-pong|parent-child-relationship|painting|nurse|mental-illness|memory|mandolin|interview|hypnotism|hypnosis|guitar|exercise|doctor|discussion|childhood-memory|baseball|art-class
tt0038370,dancer|love-triangle|war-bond|sheet-music|tears|bouncer|fireplace|applause|music-band|audience|entertainer|show-business|performer|chorus-line|pantaloon|chorine|stage|costume|radio-broadcast|pianist|movie-screen|buggy|movie-theatre|reference-to-rudolph-valentino|music-conductor|reference-to-gary-cooper|musical-review|little-girl|frankenstein-spoof|reference-to-irving-berlin|medley|manhattan-new-york-city|whistling|wedding-invitation|wedding-anniversary|watching-a-movie|waiter|veteran|vaudeville|u.s.-soldier|tuxedo|train-porter|top-hat|told-in-flashback|theatre|theatre-audience|telephone|telephone-call|storytelling|stage-door|st.-louis-missouri|song|songbook|song-and-dance|singing|singer|shadow-dancer|scotch-and-soda|russian-restaurant|rockefeller-center-manhattan-new-york-city|reunion|rehearsal|rain|radio-studio|promise|politician|picnic|piano|piano-player|party|partner|orchestra|nurse|niagara-falls|new-york-city|mother-daughter-relationship|montage|mirror|milking-a-cow|microphone|marriage|marriage-proposal|marriage-engagement|marital-separation|gender-disguise|lumberjack|lullaby|kiss|hand-kissing|irving-berlin|instability|husband-wife-relationship|hospital|horse-racing|horse-and-carriage|honeymoon|havana-cuba|gin|friend|friendship|french-accent|flower|flashback|flapjack|fireman|feather-duster|false-teeth|falling-from-height|entertaining-the-troops|engagement-ring|duluth-minnesota|drunkenness|drink|drinking|dressing-room|doorman|doctor|divorce|detroit-michigan|dancing|cuba|cleveland-ohio|chinese-restaurant|chicago-illinois|cane|buying-and-selling|brother-in-law-sister-in-law-relationship|broadway-manhattan-new-york-city|broadway-musical|bedtime-story|band|balalaika|backstage|baby|architectural-model|animated-sequence|1940s|1930s|radio-show-host|world-war-one|radio-program|1910s|world-war-two|father-daughter-relationship|1920s|famous-song|nightclub|dance|tap-dancing
tt0039080,murder|execution|year-1890|whodunit|locked-door|exhumation|member-of-parliament|dance-hall-singer|scotland-yard-inspector|london-england|stabbed-in-the-heart|victorian-era|1890s
tt0039090,professor|students|japanese-nationalism|anti-war
tt0038300,judge|devil|gangster|hell|love|revenge|four-word-title|fight|fire|shot-by-partner|kiss|falling-out-a-window|double-cross|possession|psychiatrist|deal-with-the-devil
tt0038477,valet|rural-setting|wrong-side-of-the-tracks|wealth|upper-class|tuberculosis|train|social-climber|silver|poverty|obsession|murder|mother-son-relationship|master-servant-relationship|love|henpecked-husband|france|festival|eccentric|comedy-of-manners|chambermaid|foreign-language-adaptation|class-differences|maid|based-on-novel|based-on-play|greed
tt0038468,young-lovers|trial|miscarriage|ex-convict|christian-hypocracy|based-on-play
tt0038937,murder|hotel|sanitarium|psychiatrist|nurse|candlestick|lieutenant|doctor|argument|district-attorney|autopsy|insulin|mental-patient|struggle|fade-to-black|crime-of-passion|wainscoting|murder-witness|husband-murders-wife|murder-of-wife|kiss|staircase|medical-examination|sanitorium|stylised|smoking|high-school-sweethearts|symphonic-music-score|phone-conversation|emotional-shock|death|man-in-uniform|quarrel|clock|eavesdropping|surreal|telephone|stock-footage|orchestral-music-score|dream|insanity|blow-to-head|silver|femme-fatale|sexy-dress|dead-woman|dead-woman-on-floor|second-opinion|strangulation|late-arrival|world-war-two-veteran|witness|thunderstorm|shock-treatment|san-francisco-california|psychiatric-treatment|paranoia|exhumation|dream-sequence|dictaphone|delusion|amnesia|coma
tt0041037,suspense|cult-tv|anthology|based-on-radio-series|supernatural|ghost
tt0039074,art|engraving|drawing|love|censorship|jealousy|prostitution|geisha|based-on-novel
tt0038592,reform-school|pickpocket|diplomat|paris-france|husband-wife-relationship|theft|spying|portrait|pocket-watch|master-criminal|instructor|impersonation|formal-dance|engagement|deception|aristocrat|adulterous-wife
tt0038795,medical-student|waitress|victorian-era|femme-fatale|waiting-table|self-destructiveness|symphonic-music-score|orchestral-music-score|obsessed-love|deformity|based-on-novel
tt0038700,flashback|flashback-within-a-flashback|painting|wedding|flashback-within-a-flashback-within-a-flashback|1940s|neurotic|wedding-ceremony-gone-awry|divorcee|london-blitz|london-england|jumping-through-a-window|suicide-by-jumping-out-a-window|death-penalty|false-witness|suspected-thief|suspicion-of-murder|suspicion|woman-in-a-wheelchair|injustice|diamond-necklace|diamond-theft|diamond|social-standing|social-status|present|birthday-party|dead-father|housekeeper|art-exhibition|cassandra-complex|new-york-city|voice-over-flashback|art-class|bicycle-accident|miami-florida|ex-husband-ex-wife-relationship|scorpio|zodiac|wedding-party|wedding-reception|lie|false-accusation|theft|symbol|symbolism|subconscious|repression|psychology|psychoanalyst|jewelry|gun|freudian|femme-fatale|cheating|altar|party|suicide|murder|world-war-two|kleptomania|artist|mental-illness|psychiatrist|locket|wealthy
tt0038773,daughter|new-york-city|christmas
tt0038452,bank-robbery|public-defender|exploding-gun|iron-maiden|human-skeleton|vehicular-homicide|reference-to-confucius|government-agent|run-over-by-a-truck|dead-body-in-a-suit-of-armor|suit-of-armor|hit-and-run-victim|father-daughter-relationship|false-accusation|dusting-for-fingerprints|boarding-house|asian-detective
tt0038406,1876-philadelphia-centennial-exhibition|world's-fair|ulysses-simpson-grant|based-on-novel
tt0038727,teacher-student-relationship|female-protagonist|1920s|nostalgia
tt0038964,song|toots|plank|fangs|big-teeth|sharp-teeth|glass-of-water|ruler|singing-animal|kitchen-sink|can-of-sardines|window|donkey|cream-pie|fight-cloud|breaking-flowerpot|violin|night|cat-feet|animal-feet|feet|flowerpot|singing-cat|noise-prevents-sleep|elongating|spike-the-dog-from-tom-and-jerry|shutting-a-window-on-someone|will|whiskers-as-musical-strings|unable-to-sleep|trying-to-sleep|tied-up|taunting|talking-cat|talking-animal|sticking-out-one's-tongue|smoke-from-ears|sink|singing|sigh|sight-gag|sardine-can|romantic-kiss|plucking-eyebrows|pie|pie-in-the-face|noise|mallet|male-male-kiss|long-tongue|kissing-arm|kiss-on-the-cheek|jazz|jackass|iron|ironing-board|hit-with-a-mallet|hit-with-an-iron|hit-with-a-flowerpot|hit-with-a-brick|hit-on-the-butt|hit-on-the-head|grabbing-someone's-neck|evil-laugh|evil-laughter|elongating-arm|doghouse|dog-retrieves-an-object|dish|comic-violence|cello|cat-versus-dog|cartoon-mouse|cartoon-dog|cartoon-cat|bulldog|brick|breaking-a-dish|breaking-dishes|anthropomorphism|anthropomorphic-animal|serenade|dentures|cat-versus-mouse
tt0038769,concentration-camp|children|love|ruins|surgeon|poland|memory|execution|drink|doctor|christmas|captain|destroyed-city|christmas-eve|village-massacre|massacre|christmas-mass|staircase-conversation|character-says-i-love-you|end-of-war|war-veteran|ptsd|post-traumatic-stress-disorder|first-person-title|year-1945|fear-of-the-past|pipe-organ|east-berlin-east-germany|x-ray|wound|woods|vengeance|unmailed-letter|tuberculosis|trummerfilm|train|tracheotomy|torment|thoracoplasty|tears|tank|survivor|surgical-operation|surgery|suitcase|suffocation|stairway|sound-montage|song|snow|snowing|singing|singer|silver-star|silent-night|showgirl|shame|shadow|rubble|rubble-film|roommate|resistance-fighter|resiliency|reprisal|remorse|refugee|recording|record-player|reconstruction|reconciliation|rat|rain|railway-station|prison|prisoner-of-war|prison-cell|pow|peace|patient|painter|optometrist|obsession|nurse|nightmare|nightclub|nazism|mother-daughter-relationship|mirror|miracle|military-officer|merry-christmas|mass-murder|letter|leaky-roof|lantern|justice|innocence|injury|husband-wife-relationship|hurdy-gurdy|hospital|hope|helplessness|helmet|healing|hate|gun|grave|german|german-army|freedom|forgiveness|flashback|fear|father-son-relationship|father-daughter-relationship|faith|factory|factory-owner|eyeglasses|expressionism|dying|drunkenness|drinking|dressing-room|drawing|door-chime|demolition|delirium|death|dancing|dancer|crying|cruelty|cross|concentration-camp-survivor|comrades-in-arms|compassion|coffin|clown|cigarette-smoking|christmas-tree|christmas-star|choking|chess|cardboard-silver-star|cancan-dance|camera|building-destruction|broken-window|bridge|bourgeoisie|bomb|bombing|bombed-out-building|blood|beer|battlefield|bar|ballerina|audio-flashback|atrocity|atonement|astrologer|artist|1940s|war-crime|post-world-war-two|claim-in-title|wristwatch|watch|watchmaker|vigilantism|vendetta|trauma|self-justice|revenge|responsibility|rebuilding|murder|guilt|fortune-teller|fall-of-berlin|east-germany|city-in-ruins|defa|propaganda|propaganda-film|berlin-germany|war-criminal|nazi|germany|world-war-two|death-of-father
tt0038346,police|murder|color-in-title
tt0038780,widow|swindle|champagne|racing-form|brandy|bar|hotel|taxi|telescope|drunkenness|pickpocket|governor's-island-new-york-city|los-angeles-california|cigarette-smoking|money|gin-the-card-game|playing-cards|train|man-slaps-a-woman|face-slap|kiss|u.s.-soldier|nightclub|manhattan-new-york-city|new-york-city|song|singing|singer|pipe-smoking|ex-soldier|statement-in-title|san-juan-capistrano-california|plan-gone-wrong|kidnapping|crime-gone-awry|con-artist|con-man|based-on-novel|title-spoken-by-character
tt0038934,manor-house|curse|murder|heiress|park|werewolf|fear|aunt|family-curse|blood|lawyer|night|niece|police|inspector|serial-killer|family-legend|female-werewolf|no-end-credits|falling-down-stairs|driving-someone-mad|gaslighting|drugging|symphonic-music-score|sedative|blood-on-hands|private-library|reading-a-book|daughter|mother|home-library|fireplace|reading-a-newspaper|newspaper|striking-a-match|quoting-shakespeare|barrister|reference-to-pythagoras|reference-to-plato|reference-to-william-shakespeare|fiance|stairs|knocking-on-door|smoking|nineteenth-century|death|humor|smoking-a-pipe|ground-fog|thick-fog|constable|stuffing-ears-with-cotton|coffee|warm-milk|four-word-title|hyphen-in-title|gaslight|cotton|superstition|four-poster-bed|child-killed|police-investigation|horse-and-buggy|victorian-england|laundry-drying-on-clothes-line|fog|mud|score-employs-electronic-instruments|orchestral-music-score|horseback-riding|slash|jealousy|accident|duplicity|deception|investigation|investigator|suitor|lantern|cigarette-smoking|fiancee|city-in-title|death-of-aunt|aunt-niece-relationship|archive-footage|stock-footage|low-budget-film|1940s|starving-artist|self-inflicted-wound|police-officer|maid|knife|insanity|housekeeper|horse|german-shepherd|dog|death-of-title-character|damsel-in-distress|child-murder|betrayal|barking-dog|attempted-murder|accidental-death|b-movie|nocturnal-murder|family-matriarch|psychological-abuse|greed|slasher-killer|london-england|foggy-night|playing-on-superstition|mysterious-female-figure|scotland-yard|werewolf-legend|hypnotic-drug|pseudo-horror|psychological-manipulation|secret-murderer|england|interfering-relative|character-name-in-title|surprise-ending
tt0038360,singer|alcoholic|suspect|murder|brooch|songwriter|nightclub|singing|police|whiskey|champagne|bourbon|police-car|fistfight|reference-to-dmitri-shostakovich|tap-dancing|columnist|husband-wife-relationship|sheet-music|newspaper-headline|movie-studio|police-officer|costume|interrogation|maid|police-station|drunkenness|corpse|phonograph-record|photograph|ambulance|bartender|janitor|bar|pianist|siren|pistol|hospital|los-angeles-california|slut|doctor|flashback|music-band|applause|tears|song|performer|barber|jury|microphone|prisoner|audition|trial|radio-station|courtroom|color-in-title|wrongful-conviction|false-accusation|police-detective|murder-accusation|mistress|hollywood|death-penalty|crime-investigation|barroom-brawl|bar-owner|adulterous-wife|wall-safe|strangulation|record-player|doorman|dancing|blackmail|amnesia|based-on-novel
tt0038668,remake|hairy-chest|bare-chested-male|prizefighter|brooklyn-new-york-city
tt0038146,ghost|based-on-play
tt0038474,artist|curate|love|19th-century|vicar|drunkard|novelist|portrait|oil-painting|drunkenness|victorian-era|alcoholic|authoress|sibling-rivalry|writer|sister-sister-relationship|orchestral-music-score|leitmotif
tt0038458,dance-hall|dance|sailor|clue|money|taxi|cab|taxi-cab|reference-to-steve-brode|good-samaritan|brownstone|marital-infidelity|german-american|jewish-american|building-superintendent|sitting-on-steps|news-seller|hamburger|broadway-show|walking-a-dog|brother-sister-relationship|death-of-sister|naivete|dysfunctional-marriage|cb|banana|orange-drink|dead-cat|pet-shop|janitor|bad-check|drunk-woman|grapes|blackmailer|drunkenness|dance-band|suspect|guitarist|suspicion|drunkard|gunshot|obsession|pistol|whodunit|infidelity|corpse|police-officer|fruit-seller|music-band|siren|dancing|police-detective|knocked-out|slut|father-daughter-relationship|interrogation|punched-in-the-face|husband-wife-relationship|reference-to-john-barrymore|newspaper-stand|car-chase|manhattan-new-york-city|letter|new-york-city|greenwich-village-manhattan-new-york-city|blindness|false-accusation|white-gloves|thunder|strangled-to-death|retirement-party|rash|prostitute|police-station|pianist|nightclub|mortician|lipstick|limp|italian-american|immigrant|heat-wave|heart-attack|good-cop-bad-cop|gambler|furlough|farmers-daughter|dancehall-hostess|carnation|bouncer|blind-man|bathroom|baseball-player|murder|taxi-driver|blackmail|police|amnesia|based-on-novel
tt0038310,propaganda
tt0038621,cult-film|art|art-critic|sculptor|bust|revenge|serial-killer|psychotronic-film|psychotronic|death|reference-to-pablo-picasso|evil-man|false-accusation|acromegaly|homicide-detective|manhattan-new-york-city|cat|columnist|wine|cubism|modern-art|attempted-suicide|wharf|cheese|sculpture|romantic-subplot|police-investigation|newspaper|multiple-murders|model|female-journalist|rescue-from-drowning|psychopath|murder|deformity|b-movie
tt0038387,revenge|murder|star-died-before-release|lead-actor's-last-film|off-screen-murder|politician|police-dragnet|police-investigation|sequel|murderer|vengeance|jewelry|wall-safe|appraisal|university|waterfront|lap-dissolve|broken-back|grocery-store|newsboy|brooch|low-budget-film|pawnbroker|gin-rummy|fire-escape|police|blindness|piano-teacher|pawnshop|manhunt|football|flashback|delivery-boy|broken-mirror|blind-woman|disfigurement|serial-killer|b-movie|handicapped-actor|laboratory-accident
tt0038449,treasury-agent|ocean-liner|salesman|counterfeit-money|ship's-steward|samoa|south-pacific|absent-without-leave|newspaper-headline|missing-person|pickpocket|semiautomatic-pistol|bullet|private-detective|pistol|pocket-watch|shot-in-the-chest|bus-station|bus|father-son-relationship|missing-person-bureau|bankroll|cigar-smoking|attempted-murder|gagged|knife-throwing-act|man-disguised-as-a-woman|homicide|jumping-ship|jumping-into-water|government-agent|fingerprinting|evidence|ichtyology|counterfeiter|hula-dancer|polynesian|archive-footage|deck-chair|fox-trot|walkie-talkie|veranda|bar|necklace|blackmail|knife-in-neck|cross-dresser|reference-to-gauguin|blackmailer|knife-in-back|red-herring|reference-to-robert-louis-stevenson|black-stereotype|block-and-tackle|murder-investigation|turtle|purser|reference-to-davy-jones|ichthyologist|whodunit|sea-captain|loaded-dice|african-american|reference-to-euclid|fog|steamship|ship's-doctor|shipboard|shipboard-mystery|racial-role-playing|hawaiian-hero|chinese-hero|asian-hero|asian-detective|asian-comedian|african-american-hero|african-american-comedian|detective|sequel
tt0039029,homosexual-subtext|chinese-new-year|destiny|statue|betting-on-horse|grand-national-race|marital-separation|husband-wife-conflict|crying-statue|scheming-woman|irony|marital-infidelity|rich-widow|attempted-suicide|nymphomaniac|dysfunctional-marriage|cop-killer|murder-trial|lottery-ticket|embezzler|bludgeoned-to-death|supernatural-power|husband-wife-relationship
tt0038334,construction-crane|railroad-switch|derailment|train-derailment|bazooka|aerial-bombing|tank|crane-toppling-over|steam-train|telegraph|execution|railway-station-master|railway-worker|railroad-worker|train-station|saboteur|sabotaged-train|sabotage|demarcation|year-1944|1940s|civil-resistance|resistance-fighter|resistance-movement|train|world-war-two|french-resistance
tt0038584,based-on-play
tt0038396,prisoner-of-war|fiance-fiancee-relationship|nazi-occupied-france|loss-of-eyesight|one-armed-man|blindness|mother-daughter-relationship|mother-son-relationship|country-house|father-daughter-relationship|extramarital-affair|guard-dog|german-soldier|british-soldier|dead-soldier|loss-of-husband|prisoner-of-war-camp|assumed-identity|impersonation|world-war-two
tt0038462,gas-chamber|murder|police-investigation|infidelity|brought-back-to-life|forced-alliance|double-cross|buried-loot|treasure-map|stabbed-to-death|shot-to-death|hidden-money|femme-fatale|execution|deathbed-confession|poison-gas
tt0038922,actress|orphan|sandcastle|family-relationships|heart-attack|breakfast-in-bed|breakfast|orphanage|doctor|theatre-director|terminal-illness|ghost|pigtails|coast|husband-wife-relationship|adoptive-mother-adopted-daughter-relationship|adoptive-father-adopted-daughter-relationship|beach|grieving|widower|toy-horse|stuffed-toy|little-girl|orphan-girl|two-word-title|runaway|loss-of-wife|death-of-wife|adopted-child|adopted-daughter|long-island-new-york|adoption|domestic|new-york-city|melodrama
tt0042971,flagellation|pontius-pilate|bible|virgin-mary|spiritual-conversion|resurrection|religious-leader|rabbi|miracle|messiah|mary-magdalene|judas-iscariot|reference-to-jesus-christ|egyptian|crucifixion|cross|christianity|apostle
tt0038383,horse|jealousy|divorce-court|groupie|ladies'-club|desk|historian|four-word-title|african-american|black-servant|santa-claus-costume|birthday-present|black-maid|black-stereotype|race-track|hotel|uncle|mother-daughter-relationship|precocious-child|goat|saddle|black-eye|nosebleed|reference-to-jefferson-davis|lecture|champagne|custody|civil-war-buff|santa-claus|reference-to-jeb-stuart|air-rifle|nosebag|mistletoe|reference-to-stonewall-jackson|christmas-eve|screwball-comedy|horseback-riding|steeplechase|judge|based-on-play
tt0038361,colt|present|discipline|american|widower|daughter|england|horse|b-movie|color-in-title|two-word-title|19th-century|schoolgirl|marriage|rescue|barn-fire|damsel-in-distress|search|sale-of-horse|carriage-horse|training|finishing-school|stable|doctor|horsemanship|injured-horse|horse-farm|death-of-wife|father|horse-actor|death-of-mother|based-on-novel|title-spoken-by-character|character-name-in-title
tt0038333,umpire|baseball|dirty-trick|baseball-team|chopping-down-a-tree|one-against-many|blowing-smoke-in-someone's-face|bugs-bunny|baseball-game|catchphrase|two-word-title|skyscraper|bus|taxi|flag-pole|log|baseball-mitt|scoreboard|2d-animation|sport-in-title|alliterative-title|talking-rabbit|anthropomorphic-rabbit|1940s|surrealism|whistling|talking-animal|reference-to-lou-costello|pin-up-girl|old-man|hit-with-a-baseball|hit-on-the-head-with-someone's-fist|cigar-smoking|cheating|cartoon-rabbit|batboy|bat-wings|baseball-pitcher|baseball-field|baseball-catcher|anthropomorphism|animate-object|pin-up|derby|statue-of-liberty|conga-line|looney-tunes|reference-to-bugs-bunny|character-name-in-title
tt0038319,wagon-train|mormon|square-dance|dog|cavalry|orphan|native-american-attack|bank-robber
tt0038613,writer|based-on-novel
tt0039056,ship|scurvy|flogging|sailor|murder|salt-in-wound|whipping|bare-chested-male|based-on-novel|number-in-title
tt0039912,reference-to-oliver-twist|secret-passage|reference-to-a-classic-novel|suspicion|air-duct|asian-detective|father-son-relationship|strangulation|show-business|murder|investigation|held-at-gunpoint|frame-up|extortion|confession-of-crime|blackmail
tt0038764,modern-western|roulette|casino|horse|palomino|horse-race|horse-breeder|horse-actor|character-name-in-title
tt0038853,destiny|post-war|tragic-event|old-friend|working-class|working-class-family|title-appears-in-song|suicide-by-train|street-singer|steam-locomotive|shot-to-death|salesman|resistance|railway-worker|paris-france|metro|male-friendship|jealousy|informer|hit-by-a-train|grumpy-neighbor|french-resistance|fate|collaboration|allegory|year-1945|1940s
tt0038398,midwife|ne'er-do-well|aunt|religion|baby|clown|pub|alcoholic-drink|new-mother|newborn|remake
tt0038289,espionage|german-spy|year-1944|windbridge-ireland|uncle-niece-relationship|suspicion|rockland-bay-ireland|reference-to-sean-o'casey|reference-to-roger-casement|reference-to-oliver-cromwell|reference-to-john-millington-synge|reference-to-adolf-hitler|reference-to-george-bernard-shaw|reference-to-betty-grable|political-activism|patriotism|motorcycle-policeman|irish-republican-army|investigation|interrogation|intelligence-officer|husband-wife-relationship|funeral-procession|father-daughter-relationship|family-relationships|false-identity|employer-employee-relationship|dublin-ireland|disposing-of-a-dead-body|british-soldier|british-sailor|british-irish-conflict|border-crossing|birthday-party|aunt-niece-relationship|army-officer|american-soldier|adventuress|isle-of-man|international-intrigue|escaped-prisoner|northern-ireland|world-war-two
tt0038510,mexican|revolution|love|catholic-priest|priest|singing|song|horse|firecracker|execution|woman-slaps-a-man|face-slap|one-word-title|love-hate
tt0038948,nurse|medical|polio|australia|female-protagonist|world-war-two|world-war-one|war-injury|train|success|reporter|party|queensland|paralysis|opposition|military-officer|minneapolis-minnesota|lecture|england|engagement|doctor|dancing|child|birthday|based-on-book|character-name-in-title
tt0038629,pianist
tt0150734,cemetery|california|los-angeles-california|fitzpatrick-traveltalks|narration|travel
tt0038782,police-detective|composer|detective|police|gas-leak|movie-studio|sheet-music|confession|scalding|henchman|fistfight|hit-with-a-chair|suicide-note|attempted-suicide|reference-to-rko-radio-pictures|sister-sister-relationship|female-singer|singer|nightclub|hanged-body|hanged-man|photo-shoot|photographer|waitress|actress|pistol|revolver|blank-bullet|gun-loaded-with-blanks|mother-son-relationship|adult-living-with-mother|punched-in-the-face|suspended-policeman|housemaid|whodunit|murder-disguised-as-suicide|hair-dyed-blonde|blonde|mystery-killer|shot-in-the-head|shot-to-death|portrait-photograph|portrait|piano-playing|one-word-title|pianist|investigation|based-on-story|murder|songwriter|piano
tt0038321,
tt0038766,apartment|private-detective|music-store|secretary|apartment-manager|series|whistler|murder|based-on-radio-program|slang|telephone-call|stray-bullet|valuable-recordings|jenny-lind-mention|sanitorium|gunfire|held-at-gunpoint|damsel-in-distress|violence|death|investigation|investigator|police-detective|duplicity|deception|embezzler|cigarette-smoking|femme-fatale|missing-woman|theme-music|1940s|stock-footage|b-movie|wax-cylinder|hidden-treasure|doublecross|sequel
tt0190806,menstruation|adolescent-girl|menstrual-cycle|national-film-registry|gland|pituitary-gland|uterus|posture|ovary|hormone|exercise|calendar|ephemeral|educational|yawning|womb|walking-the-dog|vagina|vacuum-cleaner|toy-block|sun-dial|shower|sexual-health|scotch-terrier|horse-riding|mother-nature|mirror|mirror-does-not-reflect-reality|magnifying-glass|looking-at-self-in-mirror|horse|growth-hormone|female-tears|female-narrator|educational-film|doll|dog|dancing|crying|crying-girl|crib|cramp|constipation|compact|combing-hair|cartoon-horse|cartoon-dog|bicycle|baby|adolescent|adolescence|ephemeral-film|health|menarche|voice-over-narration
tt0038802,playboy|magazine|orchestral-music-score|woman-photographer|triangle|connecticut|based-on-play
tt0038478,dick-tracy|revolver|cue-ball|telephone|taxi|strangulation|robbery|railroad-track|purse|prison|policeman|ocean-liner|murder|leather-jacket|jeweler|investigation|drunk-driving|double-cross|death|detective
tt0036618,beach|chess|chess-piece|written-and-directed-by-cast-member|title-directed-by-female|experimental-film|avant-garde|surrealism|tree|editing|pawn|dinner-party|independent-film
tt0039054,opera|burlesque|fainting|hiccup|miser|opera-glasses|music-hall|opera-house|dog|rumor|gossip|audition|socialite|society|new-york-city|boston-massachusetts|blackmail|sound-recording|recording|phonograph|puritan
tt0038916,marriage|mother-daughter-relationship|husband-wife-relationship|family-relationships|usa|stepdaughter|resentment|mental-illness|jealousy|envy
tt0038606,daughter|ambassador|pianist|teenage-boy|teenage-girl|falling-down-stairs|face-slap|happy-birthday-to-you|matchmaker|falling-in-love|american-abroad|birthday|older-man-young-girl-relationship|granddaughter|crush|rekindled-romance|orchestra-leader|nightclub|garden-party|parties|hungarian|dog|top-hat|fur-coat|singer|father-daughter-relationship|widower|jealousy|diplomat|jazz-music|dowry|mexico|adolescent|teenage
tt0038915,based-on-play
tt0039109,opera|whale|professor|newspaper|seal-the-animal|pelican|cat|voice-over-narration|taxi-driver|storm|seeing-stars|seeing-images-after-a-bang-on-the-head|rainstorm|police-officer|harp|halo|fantasy-sequence|doctor|death|conductor|character-appears-in-newspaper|character's-mouth-fills-the-screen|surrealism|toupee|sold-out-sign|singing-animal|seagull|sailor|reference-to-walter-winchell|reference-to-time-magazine|reference-to-look-magazine|reference-to-life-magazine|periscope|opera-house|miracle|metropolitan-opera-new-york|heaven|harpoon|fire-breathing|ends-in-heaven|clown|character-appears-on-magazine-cover|binoculars|anthropomorphism|anthropomorphic-animal|animal-in-title|opera-singer|devil|character-name-in-title
tt0039000,ice-skating|suspense
tt0038705,
tt0038986,scientist|research|surgery|blackmail|anaesthetic|experiment|low-budget-film|cigarette-smoking|car-accident|hospital|nurse|doctor|police-inspector|disfigurement|damsel-in-distress|extortion|b-movie|laboratory-accident|anesthetic|independent-film
tt0038704,family-relationships|post-world-war-two|exchange-student|dysfunctional-family|betrayal|mistaken-identity|college-life|small-town-life|father-son-relationship
tt0038956,playboy|attorney|actress|acquittal|manslaughter|manhattan-new-york-city|deceit|rich-man|investigator|taxi-driver|taxi|district-attorney|femme-fatale|gold-digger|engagement|investigation|policeman|b-movie|outrage|revenge|jealousy|evidence|doorman|waiter|theater|marquee|stock-footage|show-business|cigarette-smoking|detective|judge|trial|lawyer|fiancee|producer|murderer|murder|death-of-relative|uncle-nephew-relationship|broadway-manhattan-new-york-city|new-york-city|killing|killer|ambition|stage-actress|1940s
tt0038839,seance|boston-blackie|spiritualist|spiritualism|skeleton|series|occult|murder|murderer|blackmail|wealthy-woman|waitress|usa|swami|stooge|stock-footage|slang|sidekick|robbery|police-sergeant|police-officer|police-inspector|police-car|nurse|murder-victim|killing|killer|jewelry|investigator|investigation|hospital|henchman|held-at-gunpoint|gang-member|gang-leader|extortion|duplicity|doctor|deception|deceit|crystal-ball|criminal|cigarette-smoking|chauffeur|b-movie|archive-footage|1940s|sequel
tt0038747,king|barber|guillotine|spain|political-intrigue|king-louis-xv|french-maid|reference-to-william-shakespeare|lackey|heroism|honor|swashbuckler|political-marriage|ladies-man|banishment|chambermaid|trading-places|ambition|giving-a-toast|apple|love-at-first-sight|apron|secret-identity|manacles|horse-and-carriage|sword-fight|sword|lorgnette|duke|queen|husband-wife-relationship|jealous-wife|poisoned-wine|wine|poison|disguise|impersonation|mask|drawbridge|harp|madrid-spain|swordsman|shakespearean-quotation|satire|powdered-wig|popinjay|mistress|minuet|marital-infidelity|madame-pompadour|jealousy|horse-drawn-carriage|france|farce|dungeon|duel|dandy|18th-century|george-washington|based-on-novel|character-name-in-title
tt0038794,war-footage|footage|water-cooler|taxi-cab|taxi|cab|spy|tunnel|air-strip|self-sacrifice|concealment|short-wave-radio|secret-code|infatuation|execution|torture|interrogation|arrest|capture|evasion|murder|escape|french-resistance|parachute|sculpture|bomb|train|german-officer|german-army|gestapo|nazi-germany|american-in-foreign-country|sabotage|world-war-two
tt0038324,pilot
tt0039004,blind-girl|blindness|minister|snow|love-triangle|based-on-novel
tt0038958,farmer|engagement|french-countryside|rural-setting|damsel-in-distress|investigation|cigarette-smoking|gendarme|stock-footage|frenchman|b-movie|murder-by-strangling|anonymous-letter|police|farm|murder|hunchback|river|clothes-line|doctor|innkeeper|widow|famous-detective|flower-vendor|shoeshine-boy|paris-france|police-detective
tt0038728,consul|despair|building-a-house|engaged-to-marry-for-convenience|uncle-niece-relationship|bad-manners|intentionally-getting-killed|murderer-acquitted-of-murder|acquitted-of-murder|postman|murder-confession|man-strangles-woman|strangled-to-death|funeral|brooch|setting-caged-bird-free|working-class|class-differences|title-appears-in-writing|fatal-accident|work-accident|anisette|undressing|gossip|town-gossip|builder|mason|merry-widow|starring-real-life-couple|brother-sister-relationship|barn|small-city|bridge-construction|construction-worker|construction-site|four-leaf-clover|clover|love-at-first-sight|boxing-match|boxing|small-shop|bird-shop|french-countryside|paris-france|title-same-as-book|trial|murder|prostitution|based-on-novel|title-spoken-by-character|character-name-in-title
tt0039026,remake|based-on-play
tt0038878,brother|rescue|courtroom|outlaw|husband-wife-relationship|father-son-relationship|false-accusation|whiskey|violence|trial|tight-shirt|stagecoach|stagecoach-driver|shootout|saloon|robber|robbery|renegade|redhead|posse|outlaw-gang|one-word-title|lawyer|jury|judge|illness|henchman|held-at-gunpoint|gunman|gang-member|gang-leader|gambling|fast-draw|escape|epidemic|drinking|doctor|death-of-husband|death-of-brother|birth-of-baby|bartender|barfly|bailiff|1880s|kidnapping
tt0039594,violinist|paganini|based-on-novel
tt0038955,ranch|bronco|cowhand|1940s|self-sacrifice|betrayal|guitar-player|special-bond|cattle|wyoming|utah|rustler|debt|animal-cruelty|ex-convict|i.-o.-u.|ranch-foreman|brother|rodeo|wild-horse|horse|based-on-novel|character-name-in-title
tt0039092,little-girl|child-protagonist|female-protagonist|swamp|boat|imagination|science-experiment|hermit|farming|missing-brother|older-brother-younger-sister|mia|year-1943|wizard-of-oz|robinson-crusoe|happy-ending|singing-a-song|worried-girlfriend|reference-to-william-halsey-jr.|reference-to-anthony-eden|reference-to-joseph-stalin|grumpy-old-man|inventor|commander|angry-boss|boat-captain|quest|storm|fake-teeth|human-skull|tow-truck|running-out-of-gas|missing-person|world-war-two|based-on-novel
tt0038694,salesman|vacuum-cleaner|abbott-and-costello|mind-reading|actor-playing-multiple-roles|sales-manager|prank|phonograph|fired-from-the-job|door-to-door|california|boyfriend-girlfriend-relationship|bookkeeper|apartment|train|sleeping-pill|cigar-smoking
tt0038818,tied-to-a-tree|would-be-seer|western-town|voice-magnifier|token-heroine|swindle|spirit-guide|shootout|phony-injury|palmistry-chart|murdered-witness|listening-device|leisurely-getaway|lassoed-off-a-horse|investor|horse-chase|hoax|hero-knocked-out|gunfight|gullibility|gold-fever|friendship|fistfight|exotic-headwear|crystal-ball|confession|sidekick|b-western|billy-carson-series
tt0038779,repetition-in-title
tt0038341,letter|protege|actress|theater|autograph-seeker|manhattan-new-york-city|broadway-manhattan-new-york-city|waitress|valet|vacation|theatrical-producer|reporter|rehearsal|recording|party|maine|hotel|friendship|deception|attempted-suicide|revenge|playwright|new-york-city|love-triangle|fame|cinderella-story|actor
tt0038917,blackmail|woman-strangled-to-death|husband-wife-relationship|police-detective|investigation|infidelity|incriminating-document|failed-murder-attempt|deception|murder
tt0171824,british-military|airborne-troops|military-uniform|beret|claim-in-title|paratrooper|world-war-two|reenactment|military-history
tt0039114,soldier|nyc|wartime-shortage|based-on-novel
tt0037578,swashbuckler|based-on-novel
tt0039003,singer|waiter|process-server|the-three-stooges|singing|song|thrown-out|nightclub|low-budget-film|mimic|hit-parade|year-in-title|b-movie|imitation|tenor|fan-dancer|playing-harp|man-carrying-a-woman|reflection-in-water|falling-into-water|flooded-basement|wristwatch|pipe-fitting|playing-a-saxophone|father-son-relationship|top-hat|breaking-dishes|tuxedo|song-and-dance|opening-night|woman-fainting|pajamas|champagne|audition|dishwasher|giving-the-ok-sign|playing-piano|male-singer|female-singer|eviction-notice|behind-in-the-rent|camera-shot-of-feet|house-cat|colorized-film|big-band-music|independent-film
tt0038640,secretary|gossip-columnist|spanish-accent|radio-program|private-detective|nightclub|nightclub-manager|housekeeper|hard-of-hearing|groundskeeper|telephone-call|cigar-smoking|wiretap|sister-sister-relationship|record-player|record-album|policeman|police-lieutenant|police-detective|parking-ticket|obstructing-justice|nightclub-singer|newspaper-headline|knocked-out-with-gun-butt|incinerator|hiding-behind-curtains|fake-accent|dressing-room|disguise|diner|clue|cigarette-smoking|carbon-paper|bugged-apartment|blank-bullet|blackmail|murder
tt0038429,accessory-to-murder|hypnotism|held-at-gunpoint|trapped-in-burning-building|murder-investigation|deception|disbelief|reference-to-bellvue-hospital-in-new-york-city|train-wreck|police-detective|museum-curator|world-war-two-veteran|art-forgery|art-museum|amnesiac-war-veteran|art-theft
tt0038531,feather|quetzalcoatl|bird|poverty-row-film|aztec-indian|treasure|secret-passage|radio-broadcast|ornithologist|monster|inquest|archeologist|monster-movie|prehistoric-creature|mexico|murder|remake
tt0038905,warden|san-quentin|prison|prologue|prison-warden|death|taxi|mother-daughter-relationship|taxi-driver|villain-turns-good|revolver|winchester-rifle|murder|robbery|repeating-rifle|pistol|police-shootout|gunfight|shootout|kiss|wedding|villain-arrested|fistfight|final-showdown|car-chase|cop|hideout|italian-gangster|violence|bus-passenger|prison-bus|gang-member|gang-leader|henchman|prison-break|parole|parolee|parole-board|newsboy|gun-club|investigator|doctor|police-chief|religion|prisoner|machine-shop|coffee-shop|newspaper-reporter|stock-footage|regeneration|shot-in-the-stomach|fresno-california|slang|cigarette-smoking|priest|widow|damsel-in-distress|gunfire|police-officer|nightclub|black-convict|police-inspector|prison-guard|cell-mate|redemption|ex-convict|held-at-gunpoint|b-movie|1940s|rehabilitation|prison-reform|inmate|criminal
tt0039020,mother|truck|nightclub|marriage|furniture|custody|abandoned-baby|warehouse|telephone|prison|police|naval-officer|mother's-day|minnesota|killed-in-action|judge|grandmother|drinking|crib|church|ceremony|background|stock-footage|daughter|pregnancy|mother-daughter-relationship|court|child-abandonment|world-war-two|slang|cigarette-smoking|truck-driver|tramp|teenager|teenage-pregnancy|teen-angst|seduction|scheme|racketeer|promiscuity|motherly-instinct|landlady|hospital|hooker|dysfunctional-family|doctor|disillusionment|custody-case|con-man|child-custody|child-care|babysitter|1940s|1930s
tt0038715,james-madison|washington-d.c.|first-lady|thomas-jefferson|1810s|1800s|treason|maid|black-maid|virginia|turning-one's-back-on-someone|women-in-politics|american-politics|politics|corrupt-politician|u.s.-senator|arranged-marriage|forced-marriage|vice-president|secretary-of-state|voice-over-narration|tavern|sword-fight|prisoner|portrait-painting|portrait|horse-riding|lodger|boarder|dinner-party|boarding-house|widow|second-marriage|loveless-marriage|marriage|yellow-fever|baby|death-of-husband|husband-wife-relationship|white-house|white-house-washington-d.c.|lynch-mob|senator|politician|female-protagonist|two-word-title|president|love-triangle|idealism|duel|death-of-father|death-of-son|death-of-child|based-on-true-story|character-name-in-title
tt0038929,chinatown|reference-to-abraham-lincoln|assumed-identity|murder-investigation|veterinarian|lawyer|marine|missing-person-bureau|curio-shop|burlesque-dancer|waitress|wirephoto|coffee-shop|omnipotent-narrator|grandmother|number-13|stormy-night|bus|morgue|hotel|knife|african-american|escort-service|pickpocket|reference-to-confucius|body-falls-through-door|vertical-wipe|black-stereotype|whodunit|stabbed-to-death|detective-series|san-francisco-california|chinatown-san-francisco|racial-role-playing|hawaiian-hero|chinese-hero|asian-hero|asian-detective|asian-comedian|african-american-hero|african-american-comedian|sequel
tt0038981,rustling|ranch|gang|outlaw|brother-sister-relationship|texas|showdown|renegade|pursuit|land-grabbing|investigation|hired-gun|held-at-gunpoint|gunfight|guitar|false-accusation|falling-off-horse|falling-from-height|el-paso-texas|crooked-lawyer|cattleman|bushwhacker|assumed-identity
tt0038740,milk|straw|bottle|foundling|walnut|nightmare|mouse|milk-bottle|flyswatter|chase|anger|shooting-oneself|holding-one's-nose|accidentally-shooting-oneself|flattened|mousehole|waif|character-turns-yellow|trashcan|tiptoe|throwing-someone|throwing-a-cat|thought-bubble|stealing-food|spun-around-by-tail|spoon-feeding|spitting|spitting-into-someone's-face|sore-butt|sleeping|shoe-polish|revenge|rage|pun-in-title|portable-hole|pie|pie-in-the-face|outrage|nearly-eaten|meat-tenderizer|male-in-female-clothes|knocking-on-door|injuring-a-cat's-tail|hyperbolic-physical-distortion|hungry-child|hunger|hitting-the-wrong-person|hit-with-a-hammer|hit-with-a-frying-pan|hammer|gun|fury|frying-pan|female-impersonation|feeding-someone|eyes-pop-out-of-head|dream|diaper|delayed-cry-of-pain|comic-violence|child-abuse|child-abandonment|cat|carrying-someone|breaking-a-glass-bottle|bowl-of-milk|book|biting-tongue|bed|bandage|anthropomorphism|anthropomorphic-animal|surrealism|licking-lips|blackface|cat-versus-mouse
tt0038831,radio|producer
tt0038974,plant|blood|servant|deaf-mute|caretaker|rancher|poison|spin-off|archive-footage|doctor|low-budget-film|plant-blossom|hot-house|cigarette-smoking|investigation|investigator|death|violence|held-at-gunpoint|barn|corral|bus-driver|land-grab|scheme|duplicity|deception|evil-woman|california|blood-eating-plants|1940s|cattle-rancher|deformed-face|damsel-in-distress|stock-footage|b-movie|character-name-in-title
tt0038576,grand-larceny|gang|gunned-down|nickname|nightmare|monster|sherlock-holmes|comic-book-fan|spoof|wish-fulfillment|hero|private-detective|crime-investigation|robbed|tram|tram-driver|telephone|speaking-french|telephone-call|doubleheader|hideout|gangster|taxi-cab|massacre|machine-gun-fire|neon-sign|imagination-running-wild|effeminate-animal|talking-pig|kissing-a-pig|effeminate-male|effeminate-character|criminal|surrounded|giant-rat|grotesque|surreal|wolfman|visual-pun|bat-man|eraserhead|snake-eyes|hammerhead|pumpkin-head|pussycat|evil-robot|erased-from-existence|machine-gun-for-hand|grenade|dream|comic-book|piggy-bank|blindfold-with-eye-hole|reference-to-fibber-mcgee-and-molly|waking-from-kiss-in-dream-to-kiss-in-reality|is-this-trip-really-necessary|sherlock-holmes-spoof|dick-tracy-spoof|villain|screaming-in-fear|mud|mailman|mailbox|magnifying-glass|kiss|footprint|cartoon-pig|cartoon-duck|cartoon-bird|farm|reference-to-porky-pig|trapdoor|eat-at-joe's|looney-tunes|reference-to-daffy-duck|surprise-ending
tt0038441,radio-program|cuba|taxi-driver|deception|microphone|musician|farce|organ-player|havana-cuba|studio-audience|radio-broadcast|band-leader|hit-parade|swing-music|organ-music|receptionist|new-york-city|conga-line|rhumba|post-world-war-two|stock-footage|police-officer|screaming-patient|cuban-accent|cigarette-smoking|telephone-call|spanish-music|nurse|doctor|hospital-patient|program-sponsor|radio-announcer|usa|sister-act|dancing|dancer|singing|singer|song|actress-shares-first-and-last-name-with-character|actress-shares-last-name-with-character|actress-shares-first-name-with-character|actor-shares-first-and-last-name-with-character|actor-shares-last-name-with-character|b-movie|character-name-in-title|actor-shares-first-name-with-character
tt0038586,mousetrap|bugs-bunny|scientist|rabbit|monster|castle|mad-scientist|mechanical-rabbit|wind-up-toy|rabbit-hole|horse|portrait|manicurist|chase|hair|looking-at-oneself-in-a-mirror|turned-into-a-canned-good|horseback-riding|feeling-one-is-being-watched|1940s|x-marks-the-spot|television|suitcase|staircase|shrugging|rug|reference-to-peter-lorre|reference-to-groucho-marx|peepholes-in-portrait|packing|night-time|mirror-does-not-reflect-reality|man's-hat|mallet|locking-door|lipstick-imprint|light-bulb|hand-kissing|hit-with-a-mallet|hat|grabbing-someone's-neck|golf-club|framed-picture|forest|fingernail|fear-of-people|fainting|eyes-pop-out-of-head|effeminacy|dresser|candle|breaking-the-fourth-wall-by-talking-to-the-audience|barricading-door|in-love-with-inanimate-object|is-there-a-doctor-in-the-house|mechanical-female|bodily-smashing-through-wall|tiptoe|suit-of-armor|silhouette-of-audience-member|reference-to-dracula|praying|poked-in-the-eye|manicure|jousting|gay-reference|comic-violence|axe|animal-in-title|reference-to-frankenstein|punctuation-in-title|robot|mirror|trapdoor|william-tell-overture|merrie-melodies|breaking-the-fourth-wall|reference-to-bugs-bunny
tt0038399,baseball|voice-over-narration|steam-from-collar|newspaper|male-punches-male|jumping-rope|ego|crying|cartoon-bird|brass-band|adoration|umpire|remake|reference-to-frank-sinatra|match|lighting-match|fire|baseball-player|baseball-breaks-open|based-on-poem|hotfoot|william-tell-overture|character-name-in-title
tt0038482,children|family-relationships|female-full-rear-nudity|natural-breasts|friendship|desperation|murder-of-mother|poverty|skinny-dipping|farm|half-sibling|female-full-back-nudity|bare-butt|buttocks|nipple|nipples|bare-breasts|breasts|topless-female-nudity|topless-girl|topless|danish-blonde|female-nudity|severed-horse's-head|out-of-wedlock-child|nude-bathing|murder|female-rear-nudity|cruelty|childhood|based-on-novel
tt0039095,british-noir|serial-killer|amusement-park|wax-museum|based-on-play
tt0038889,range-war|henchman|daughter|bloodshed|dancer|gun-battle|gunfire|sidekick|sheriff|land-grab|grazing-land|texan|texas|car-accident|damsel-in-distress|ranch-foreman|duplicity|song-in-title|state-in-title|scheme|ambush|murder|killer|gang-member|gang-leader|held-at-gunpoint|father-daughter-relationship|father|crooked-lawyer|lamb|sheep-ranch|cattle-ranch|rancher|cattleman|sheepman|western-band|western-music|singing|singer|song|investigator|modern-west|1940s|singing-cowboy|trigger-the-horse|actor-shares-last-name-with-character|actor-shares-first-and-last-name-with-character|b-western|b-movie|horse|death-of-father|actor-shares-first-name-with-character
tt0038378,bowery-boys-series|poverty-row-film|garbage-collector|damsel-in-distress|more-than-one-henchman|grind-house-film|double-feature-film|femme-fatale|malt-shop|street-cleaner|bowery|photographer|bowery-boys|evidence|film-negative|laboratory|photo-shop|junk-car|cigar-smoking|two-word-title|knitting|gun-moll|slang|double-breasted-suit|crook|pickpocket|investigator|police-detective|eyeglasses|shawl|apron|whistler's-mother|ice-cream-soda|baseball-cap|getaway|bank-robbery|crime-scene|alibi|man-dressed-as-woman|disguise|cigarette-smoking|singing|singer|song|newspaper-reporter|newspaper-photographer|held-at-gunpoint|henchman|gang-member|gang-leader|gangster|detective|stock-footage|1940s|new-york-city|low-budget-film|series|b-movie|police-officer|independent-film|actor-shares-first-name-with-character
tt0038877,william-quantrill|revenge|civil-war|bandolero|mother-son-relationship|mother-daughter-relationship|husband-wife-relationship|father-son-relationship|father-daughter-relationship|u.s.-army|held-at-gunpoint|death-of-brother|death-in-family|betrayal|avenger|death-of-mother|death-of-father
tt0038177,japanese|american|war-correspondent|submarine|rendezvous|prisoner-of-war|japanese-soldier|death|tokyo-japan|world-war-two|violence|treachery|traitor|stock-footage|sneak-attack|radio-program|pursuit|prisoner|newspaper|newspaper-reporter|kidnapping|japan|japanese-police|impostor|held-at-gunpoint|gun-battle|duplicity|deception|deceit|cigarette-smoking|chase|capture|bomber|bombardment|b-movie|archive-footage|character-name-in-title
tt0038881,rehearsal|dancer|toy-train|ballet|man-in-drag|bass-violin|tap-dancing|concertina|clarinet|playing-piano|hammer|shoe-nailed-to-floor|talking-to-the-audience|pocket-watch|suicide-pact|skyscraper|double-bass|crazy-laugh|funny-dance|ballerina|dancing|dance|kicked-in-the-butt|punched-in-the-face|violin|accordion|saxophone|piano|musician|performer|rooftop|goofy-laugh|slapstick-comedy|broadway-musical|the-three-stooges
tt0039098,punctuation-in-title|hyphen-in-title
tt0038778,ancient-greece|based-on-novel
tt0039067,estate|investigator|vindication|uncle-niece-relationship|sister-sister-relationship|mother-daughter-relationship|father-daughter-relationship|aunt-niece-relationship|usa|shrunken-head|shock|series|revenge|regain-sanity|private-detective|pregnancy|police-officer|murder|murderer|murder-victim|marriage|killing|killer|investigation|insanity|granddaughter|frame-up|flashback|family-secret|family-discord|faked-death|explorer|elopement|dysfunctional-family|duplicity|detective|deception|deceit|death-of-grandmother|death-of-grandfather|criminal|b-movie|1940s|1930s|1920s|based-on-radio-show|haunted-house|death-of-mother|death-of-father
tt0038714,murder
tt0038598,sister|based-on-novel
tt0038842,based-on-novel
tt0038666,stone|mountain|stone-casket|happy-ending|stone-cup|marquess|landlord|bet|carvings|plant-in-title|cave|storyteller|dancing|kalinka|bolyar|ural-mountains|based-on-folk-tale|obsession|perfection|enchantment|captive|love-interest|master-apprentice-relationship|fiance-fiancee-relationship|gem-cutter|stone-cutter|love|test-of-character|sorceress|sculptor|reward|rescue|obstacle|mining|love-triangle|legend|kidnapping|folklore|fairy-tale|craftsman|19th-century|based-on-book|russia
tt0038283,jewish|love|jew|jew-gentile-relationship|irish-american|based-on-play|character-name-in-title
tt0039409,year-1883|19th-century|airplane-model|carnival|san-diego-california|airplane-accident|hot-air-baloon|parachute|airplane-design|airplane-construction|jesuit-priest|college|daredevil|marriage|financial-crisis|farmer|lawsuit|invention|fistfight|lawyer|mexican|trial|john-montgomery|dream-to-fly|aviation-enthusiast|workshop|flying-machine|dizzy-spell|collapse|doctor|glider|earthquake|aviation-pioneer|aviation|gold-panning|balloon
tt0035797,woman
tt0039023,robbery|murder|evidence|bank-robbery|mother-son-relationship|husband-wife-relationship|brother-sister-relationship|usa|train-station|teacher|stock-footage|station-master|school-board|police-officer|police-car|patrolman|nurse|murderer|murder-victim|loss-of-job|killing|killer|hospital|henchman|held-at-gunpoint|getaway-car|garage|gang|gangster|gang-member|gang-leader|fiancee|false-accusation|drinking|doctor|detective|death-of-brother|cigarette-smoking|cafe|broadcast|blacksmith|bartender|b-movie|archive-footage|alias|1940s
tt0038972,criminal-organization|imprisonment|mistaken-identity|bank-robber
tt0038342,money|artist|british-noir|winter|wealth|suspicion|suspect|social-class|northern-england|murder|motivation|love|life-insurance|killer|infidelity|femme-fatale|england|duplicity|deception|based-on-novel|character-name-in-title
tt0038471,jungle|wreckage|suspect|private-detective|explorer|expedition|shrunken-head|stepmother-stepdaughter-relationship|husband-wife-relationship|father-daughter-relationship|stock-footage|sidekick|series|post-world-war-two|police-detective|nurse|narration|investigator|investigation|doctor|cigarette-smoking|archive-footage|airplane|1940s|taxidermy|recording|airplane-crash|panther|museum|knife-in-back|hypnotism|blowgun|black-cat|based-on-radio-show|death-of-father
